Percentile	0.0	25.0	50.0	75.0	100.0	0.0	25.0	50.0	75.0	100.0	0.0	25.0	50.0	75.0	100.0	0.0	25.0	50.0	75.0	100.0	0.0	25.0	50.0	75.0	100.0	0.0	25.0	50.0	75.0	100.0	0.0	25.0	50.0	75.0	100.0	0.0	25.0	50.0	75.0	100.0
Group	Chiapas	Chiapas	Chiapas	Chiapas	Chiapas	Chihuahua	Chihuahua	Chihuahua	Chihuahua	Chihuahua	Durango	Durango	Durango	Durango	Durango	EDOMEX	EDOMEX	EDOMEX	EDOMEX	EDOMEX	Hidalgo	Hidalgo	Hidalgo	Hidalgo	Hidalgo	Jalisco	Jalisco	Jalisco	Jalisco	Jalisco	Queretaro	Queretaro	Queretaro	Queretaro	Queretaro	Veracruz	Veracruz	Veracruz	Veracruz	Veracruz
07b169b998bfa5d8032bec969ee0382b	1.0	1.0	1.0	1.0	1.0	1.0	1.0	1.0	1.0	1.0	1.0	1.0	1.0	1.0	1.0	1.0	1.0	1.0	1.0	1.0	1.0	1.0	1.0	1.0	1.0	1.0	1.0	1.0	1.0	1.0	1.0	1.0	1.0	17.5	34.0	1.0	54.5	108.0	161.5	215.0
b59566978029d9682070d7bcbefc2cbd	1.0	1.0	1.0	1.0	1.0	1.0	1.0	1.0	1.0	1.0	1.0	1.0	1.0	1.0	1.0	1.0	1.0	1.0	1.0	1.0	1.0	1.0	1.0	1.0	1.0	1.0	1.0	1.0	1.0	1.0	1.0	1.0	1.0	7.5	14.0	1.0	1.0	1.0	1.0	1.0
cfc3df7e1f34095a449d13c62c7108fc	1.0	1.0	1.0	1.0	1.0	1.0	1.0	1.0	1.0	1.0	1.0	1.0	1.0	1.0	1.0	1.0	1.0	1.0	1.0	1.0	1.0	1.0	1.0	1.0	1.0	1.0	1.0	1.0	1.0	1.0	1.0	1.0	1.0	6.0	11.0	1.0	1.0	1.0	1.0	1.0
d48cb1c30d4891cf8ee9daaf24ef355f	104.0	104.0	104.0	104.0	104.0	20.0	20.0	20.0	20.0	20.0	18.0	18.0	18.0	18.0	18.0	1.0	1.0	1.0	1.0	1.0	1.0	1.0	1.0	1.0	1.0	1.0	1.0	10.0	32.5	89.0	1.0	4.0	7.0	11.5	16.0	35.0	47.75	60.5	73.25	86.0
9a7a925b0c8dc584be5d0113c4ebc331	1.0	1.0	1.0	1.0	1.0	1.0	1.0	1.0	1.0	1.0	1.0	1.0	1.0	1.0	1.0	1.0	1.0	1.0	1.0	1.0	1.0	1.0	1.0	1.0	1.0	1.0	1.0	1.0	1.0	15.0	1.0	1.0	1.0	1.0	1.0	1.0	1.0	1.0	1.0	1.0
a95c66fc020a29fb400d89eaa6e4bdcb	49.0	49.0	49.0	49.0	49.0	1.0	1.0	1.0	1.0	1.0	1.0	1.0	1.0	1.0	1.0	1.0	1.0	1.0	1.0	1.0	1.0	1.0	1.0	1.0	1.0	1.0	1.0	1.0	29.5	382.0	1.0	1.0	1.0	13.5	26.0	1.0	96.0	191.0	286.0	381.0
0aa88c0236982ab05356e48e580843d6	141.0	141.0	141.0	141.0	141.0	1.0	1.0	1.0	1.0	1.0	1.0	1.0	1.0	1.0	1.0	1.0	1.0	1.0	1.0	1.0	1.0	1.0	1.0	1.0	1.0	1.0	1.0	1.0	1.0	1.0	1.0	1.0	1.0	1.0	1.0	1.0	1.0	1.0	1.0	1.0
b03fca7b94ebc182bf8c099d444005e8	1.0	1.0	1.0	1.0	1.0	1.0	1.0	1.0	1.0	1.0	1.0	1.0	1.0	1.0	1.0	63.0	63.0	63.0	63.0	63.0	1.0	1.0	1.0	1.0	1.0	1.0	1.0	1.0	63.0	206.0	1.0	1.0	1.0	1.0	1.0	143.0	164.25	185.5	206.75	228.0
cda2fcdbc39ef3e425cc16008b8690d9	1.0	1.0	1.0	1.0	1.0	1.0	1.0	1.0	1.0	1.0	1.0	1.0	1.0	1.0	1.0	1.0	1.0	1.0	1.0	1.0	1.0	1.0	1.0	1.0	1.0	1.0	1.0	1.0	1.0	246.0	1.0	1.0	1.0	1.0	1.0	1.0	1.0	1.0	1.0	1.0
38637af414b21bd11ad08beab0fdfff8	14880.0	14880.0	14880.0	14880.0	14880.0	22638.0	22638.0	22638.0	22638.0	22638.0	1.0	1.0	1.0	1.0	1.0	248.0	248.0	248.0	248.0	248.0	112.0	112.0	112.0	112.0	112.0	13.0	53.5	83.0	121.5	181.0	43.0	51.0	59.0	124.0	189.0	1.0	20.25	39.5	58.75	78.0
3ce8e0ba8a8c073a44ab8dc0fdd245bb	1.0	1.0	1.0	1.0	1.0	1.0	1.0	1.0	1.0	1.0	21.0	21.0	21.0	21.0	21.0	1.0	1.0	1.0	1.0	1.0	24.0	24.0	24.0	24.0	24.0	1.0	1.0	1.0	1.0	1.0	1.0	1.0	1.0	1.0	1.0	1.0	1.0	1.0	1.0	1.0
e2e53235f15db4f8f27ad0ae2d502db5	1.0	1.0	1.0	1.0	1.0	1.0	1.0	1.0	1.0	1.0	1.0	1.0	1.0	1.0	1.0	1.0	1.0	1.0	1.0	1.0	1.0	1.0	1.0	1.0	1.0	1.0	1.0	1.0	1.0	1.0	1.0	1.0	1.0	1.0	1.0	1.0	11.0	21.0	31.0	41.0
efb9b511a072a6d008ba0f9027f73f2f	1.0	1.0	1.0	1.0	1.0	1.0	1.0	1.0	1.0	1.0	1.0	1.0	1.0	1.0	1.0	1.0	1.0	1.0	1.0	1.0	1.0	1.0	1.0	1.0	1.0	1.0	1.0	1.0	1.0	1.0	1.0	1.0	1.0	1.0	1.0	1.0	15.75	30.5	45.25	60.0
85755848d5cf7f9deebd3cfb720d3b6e	1.0	1.0	1.0	1.0	1.0	8.0	8.0	8.0	8.0	8.0	1.0	1.0	1.0	1.0	1.0	1.0	1.0	1.0	1.0	1.0	1.0	1.0	1.0	1.0	1.0	1.0	1.0	1.0	1.0	1.0	1.0	1.0	1.0	1.0	1.0	1.0	1.0	1.0	1.0	1.0
11f65d47d4ee5ba5b386e2af097ed3ed	21.0	21.0	21.0	21.0	21.0	1.0	1.0	1.0	1.0	1.0	1.0	1.0	1.0	1.0	1.0	1.0	1.0	1.0	1.0	1.0	1.0	1.0	1.0	1.0	1.0	1.0	1.0	1.0	1.0	1.0	1.0	1.0	1.0	1.0	1.0	1.0	1.0	1.0	1.0	1.0
5a8dc361fc65fe3fb89f6e0ff8ee71b0	1.0	1.0	1.0	1.0	1.0	1.0	1.0	1.0	1.0	1.0	1.0	1.0	1.0	1.0	1.0	1.0	1.0	1.0	1.0	1.0	1.0	1.0	1.0	1.0	1.0	1.0	1.0	1.0	1.0	1.0	1.0	1.0	1.0	12.5	24.0	1.0	1.0	1.0	1.0	1.0
5fff8e01438add24eff8d066ee6f4cde	1.0	1.0	1.0	1.0	1.0	1.0	1.0	1.0	1.0	1.0	1.0	1.0	1.0	1.0	1.0	1.0	1.0	1.0	1.0	1.0	1.0	1.0	1.0	1.0	1.0	1.0	1.0	1.0	13.5	61.0	1.0	1.0	1.0	15.5	30.0	1.0	11.5	22.0	32.5	43.0
c98c60230c16da41390bdee21a9808e9	1.0	1.0	1.0	1.0	1.0	1.0	1.0	1.0	1.0	1.0	1.0	1.0	1.0	1.0	1.0	79.0	79.0	79.0	79.0	79.0	1.0	1.0	1.0	1.0	1.0	1.0	1.0	1.0	1.0	1.0	1.0	1.0	1.0	1.0	1.0	1.0	1.0	1.0	1.0	1.0
481edf289b701f97d8308555d4e5245d	1.0	1.0	1.0	1.0	1.0	1.0	1.0	1.0	1.0	1.0	1.0	1.0	1.0	1.0	1.0	1.0	1.0	1.0	1.0	1.0	102.0	102.0	102.0	102.0	102.0	1.0	7.5	37.0	182.0	24274.0	1.0	1.0	1.0	12.0	23.0	1.0	1526.0	3051.0	4576.0	6101.0
46ab8d86a9e41fd6703670a5a412abea	1.0	1.0	1.0	1.0	1.0	4.0	4.0	4.0	4.0	4.0	1.0	1.0	1.0	1.0	1.0	1.0	1.0	1.0	1.0	1.0	1.0	1.0	1.0	1.0	1.0	1.0	1.0	1.0	1.0	1.0	1.0	1.0	1.0	1.0	1.0	1.0	1.0	1.0	1.0	1.0
403a4f90b7bb982b3a294d18140677aa	604.0	604.0	604.0	604.0	604.0	1.0	1.0	1.0	1.0	1.0	1.0	1.0	1.0	1.0	1.0	1.0	1.0	1.0	1.0	1.0	1.0	1.0	1.0	1.0	1.0	1.0	1.0	1.0	1.0	1.0	1.0	1.0	1.0	1.0	1.0	1.0	1.0	1.0	1.0	1.0
9bb6e43325634bdb60228541e018dea0	1.0	1.0	1.0	1.0	1.0	26.0	26.0	26.0	26.0	26.0	1.0	1.0	1.0	1.0	1.0	1568.0	1568.0	1568.0	1568.0	1568.0	91.0	91.0	91.0	91.0	91.0	1.0	7.5	97.0	107.0	207.0	12.0	18.5	25.0	303.5	582.0	13.0	20.25	27.5	34.75	42.0
57e89ec5a90b307d68ebf534f0dd8fcc	1.0	1.0	1.0	1.0	1.0	1.0	1.0	1.0	1.0	1.0	1.0	1.0	1.0	1.0	1.0	68.0	68.0	68.0	68.0	68.0	40.0	40.0	40.0	40.0	40.0	1.0	1.0	1.0	1.0	60.0	1.0	1.0	1.0	1.0	1.0	1.0	7.25	13.5	19.75	26.0
21e03cac493f61ae6656cf87c4bfcc66	1.0	1.0	1.0	1.0	1.0	1.0	1.0	1.0	1.0	1.0	1.0	1.0	1.0	1.0	1.0	1.0	1.0	1.0	1.0	1.0	1.0	1.0	1.0	1.0	1.0	1.0	1.0	1.0	1.0	52.0	1.0	1.0	1.0	1.0	1.0	1.0	1.0	1.0	1.0	1.0
3e7e67982b4ae888325ab8a23531ca3e	164.0	164.0	164.0	164.0	164.0	1.0	1.0	1.0	1.0	1.0	1.0	1.0	1.0	1.0	1.0	1.0	1.0	1.0	1.0	1.0	1.0	1.0	1.0	1.0	1.0	1.0	1.0	1.0	1.0	1.0	1.0	1.0	1.0	1.0	1.0	1.0	1.0	1.0	1.0	1.0
5a7a7e52aca2e8687638c91005a35ec1	1.0	1.0	1.0	1.0	1.0	1.0	1.0	1.0	1.0	1.0	25.0	25.0	25.0	25.0	25.0	1.0	1.0	1.0	1.0	1.0	1.0	1.0	1.0	1.0	1.0	1.0	1.0	1.0	1.0	1.0	1.0	1.0	1.0	1.0	1.0	1.0	1.0	1.0	1.0	1.0
be7fff5ba18c4ccedef711d0b76e0816	1.0	1.0	1.0	1.0	1.0	1.0	1.0	1.0	1.0	1.0	1.0	1.0	1.0	1.0	1.0	1.0	1.0	1.0	1.0	1.0	1.0	1.0	1.0	1.0	1.0	1.0	1.0	1.0	1.0	1.0	1.0	1.0	1.0	1.0	1.0	1.0	170.75	340.5	510.25	680.0
7da9c673a1976a9ee7d562738d3814f1	1.0	1.0	1.0	1.0	1.0	1.0	1.0	1.0	1.0	1.0	1.0	1.0	1.0	1.0	1.0	1.0	1.0	1.0	1.0	1.0	10.0	10.0	10.0	10.0	10.0	1.0	1.0	1.0	1.0	1.0	1.0	1.0	1.0	1.0	1.0	1.0	1.0	1.0	1.0	1.0
56b50b37bd3a37e4f5ca09e5e7130fde	1.0	1.0	1.0	1.0	1.0	1.0	1.0	1.0	1.0	1.0	1.0	1.0	1.0	1.0	1.0	92.0	92.0	92.0	92.0	92.0	1.0	1.0	1.0	1.0	1.0	1.0	1.0	1.0	139.0	649.0	1.0	1.0	1.0	1.0	1.0	1.0	1.0	1.0	1.0	1.0
b3069dd20511dc9fd1c3106a7aed6c52	1.0	1.0	1.0	1.0	1.0	1.0	1.0	1.0	1.0	1.0	1.0	1.0	1.0	1.0	1.0	1.0	1.0	1.0	1.0	1.0	1.0	1.0	1.0	1.0	1.0	1.0	1.0	1.0	1.0	1.0	1.0	1.0	1.0	37.5	74.0	1.0	1.0	1.0	1.0	1.0
a3bc70a89f71f1d0333f4088800b4125	1.0	1.0	1.0	1.0	1.0	1.0	1.0	1.0	1.0	1.0	1.0	1.0	1.0	1.0	1.0	1.0	1.0	1.0	1.0	1.0	1.0	1.0	1.0	1.0	1.0	1.0	1.0	1.0	1.0	16.0	1.0	1.0	1.0	1.0	1.0	1.0	29.0	57.0	85.0	113.0
6664f50caa5adf857f4859cac1993ee8	1.0	1.0	1.0	1.0	1.0	1.0	1.0	1.0	1.0	1.0	1.0	1.0	1.0	1.0	1.0	1.0	1.0	1.0	1.0	1.0	68.0	68.0	68.0	68.0	68.0	1.0	1.0	1.0	1.0	1.0	1.0	51.0	101.0	169.0	237.0	1.0	1.0	1.0	1.0	1.0
322a182c753f65bf7d23e643da34273a	1.0	1.0	1.0	1.0	1.0	1.0	1.0	1.0	1.0	1.0	1.0	1.0	1.0	1.0	1.0	1.0	1.0	1.0	1.0	1.0	1.0	1.0	1.0	1.0	1.0	1.0	1.0	1.0	1.0	136.0	1.0	1.0	1.0	27.0	53.0	1.0	1.0	1.0	1.0	1.0
6e86c08232dd487a945b39b7d48d13f4	1.0	1.0	1.0	1.0	1.0	1.0	1.0	1.0	1.0	1.0	1.0	1.0	1.0	1.0	1.0	1.0	1.0	1.0	1.0	1.0	1.0	1.0	1.0	1.0	1.0	1.0	1.0	1.0	1.0	1.0	1.0	1.0	1.0	1.0	1.0	1.0	3.5	6.0	8.5	11.0
8aa6c22a6add4a808ba23540378e2c77	72.0	72.0	72.0	72.0	72.0	1.0	1.0	1.0	1.0	1.0	1.0	1.0	1.0	1.0	1.0	1.0	1.0	1.0	1.0	1.0	1.0	1.0	1.0	1.0	1.0	1.0	1.0	1.0	295.0	710.0	1.0	1.0	1.0	1.0	1.0	1.0	1.0	1.0	1.0	1.0
d52dc6649d51fcdda3a07aa1a932c2aa	1.0	1.0	1.0	1.0	1.0	1.0	1.0	1.0	1.0	1.0	1.0	1.0	1.0	1.0	1.0	683.0	683.0	683.0	683.0	683.0	1.0	1.0	1.0	1.0	1.0	1.0	1.0	1.0	1.0	1.0	1.0	1.0	1.0	1.0	1.0	1.0	1.0	1.0	1.0	1.0
0c3186a7f555b3c51fc65d1324ac92b3	33.0	33.0	33.0	33.0	33.0	19.0	19.0	19.0	19.0	19.0	1.0	1.0	1.0	1.0	1.0	39.0	39.0	39.0	39.0	39.0	27.0	27.0	27.0	27.0	27.0	1.0	6.5	26.0	29.5	253.0	1.0	19.0	37.0	901.5	1766.0	14.0	15.5	17.0	18.5	20.0
7545ed51516d6c46f5be1ca7024273e0	1.0	1.0	1.0	1.0	1.0	1.0	1.0	1.0	1.0	1.0	1.0	1.0	1.0	1.0	1.0	1.0	1.0	1.0	1.0	1.0	1.0	1.0	1.0	1.0	1.0	1.0	1.0	1.0	1.0	1.0	1.0	1.0	1.0	1.0	1.0	1.0	11.75	22.5	33.25	44.0
00de963113a29cffdbadba94300980cb	1.0	1.0	1.0	1.0	1.0	1.0	1.0	1.0	1.0	1.0	1.0	1.0	1.0	1.0	1.0	1.0	1.0	1.0	1.0	1.0	1.0	1.0	1.0	1.0	1.0	1.0	1.0	1.0	1.0	1.0	1.0	1.0	1.0	1.0	1.0	1.0	43.75	86.5	129.25	172.0
05a8f90b83b814c44fecadf9f992342d	1.0	1.0	1.0	1.0	1.0	1.0	1.0	1.0	1.0	1.0	1.0	1.0	1.0	1.0	1.0	1.0	1.0	1.0	1.0	1.0	1.0	1.0	1.0	1.0	1.0	1.0	1.0	1.0	1.0	1.0	1.0	1.0	1.0	30.5	60.0	1.0	1.0	1.0	1.0	1.0
fa0297443ebcf79ef6fbdca9a9876b4a	1.0	1.0	1.0	1.0	1.0	1.0	1.0	1.0	1.0	1.0	1.0	1.0	1.0	1.0	1.0	1.0	1.0	1.0	1.0	1.0	1.0	1.0	1.0	1.0	1.0	1.0	1.0	1.0	1.0	48.0	1.0	1.0	1.0	1.0	1.0	1.0	1.0	1.0	1.0	1.0
067353693d7864116a764d47b4d0118d	1.0	1.0	1.0	1.0	1.0	46.0	46.0	46.0	46.0	46.0	1.0	1.0	1.0	1.0	1.0	1.0	1.0	1.0	1.0	1.0	1.0	1.0	1.0	1.0	1.0	1.0	1.0	1.0	1.0	1.0	1.0	1.0	1.0	1.0	1.0	1.0	1.0	1.0	1.0	1.0
965d8a25c2bd9cff9711adbe607da6bd	1.0	1.0	1.0	1.0	1.0	1.0	1.0	1.0	1.0	1.0	1.0	1.0	1.0	1.0	1.0	1.0	1.0	1.0	1.0	1.0	1.0	1.0	1.0	1.0	1.0	1.0	1.0	1.0	1.0	1.0	1.0	1.0	1.0	22.0	43.0	1.0	1.0	1.0	1.0	1.0
eb31b312154e636dccfe16f354e4ab64	1.0	1.0	1.0	1.0	1.0	1.0	1.0	1.0	1.0	1.0	1.0	1.0	1.0	1.0	1.0	1.0	1.0	1.0	1.0	1.0	1.0	1.0	1.0	1.0	1.0	1.0	1.0	1.0	1.0	1.0	1.0	1.0	1.0	1.0	1.0	92.0	183.5	275.0	366.5	458.0
65953688764708cd4e8e3225a881e241	1.0	1.0	1.0	1.0	1.0	1.0	1.0	1.0	1.0	1.0	1.0	1.0	1.0	1.0	1.0	1.0	1.0	1.0	1.0	1.0	1.0	1.0	1.0	1.0	1.0	1.0	1.0	1.0	1.0	1.0	1.0	1.0	1.0	2.0	3.0	1.0	1.0	1.0	1.0	1.0
d120d124bee4821aac3423696624e40c	1.0	1.0	1.0	1.0	1.0	1.0	1.0	1.0	1.0	1.0	1.0	1.0	1.0	1.0	1.0	33.0	33.0	33.0	33.0	33.0	1.0	1.0	1.0	1.0	1.0	1.0	1.0	1.0	1.0	61.0	1.0	1.0	1.0	10.5	20.0	1.0	1.0	1.0	1.0	1.0
057a81432d6c0a877d5d337f415adf0e	1.0	1.0	1.0	1.0	1.0	1.0	1.0	1.0	1.0	1.0	1.0	1.0	1.0	1.0	1.0	7.0	7.0	7.0	7.0	7.0	1.0	1.0	1.0	1.0	1.0	1.0	1.0	1.0	1.0	1.0	1.0	1.0	1.0	1.0	1.0	1.0	1.0	1.0	1.0	1.0
a60143fb52e16762ca27d36be76f5208	1.0	1.0	1.0	1.0	1.0	38.0	38.0	38.0	38.0	38.0	1.0	1.0	1.0	1.0	1.0	1.0	1.0	1.0	1.0	1.0	1.0	1.0	1.0	1.0	1.0	1.0	1.0	1.0	1.0	1.0	1.0	4.0	7.0	35.0	63.0	1.0	1.0	1.0	1.0	1.0
783c51bf4f82039d3a7a8521027de919	1.0	1.0	1.0	1.0	1.0	1.0	1.0	1.0	1.0	1.0	1.0	1.0	1.0	1.0	1.0	29.0	29.0	29.0	29.0	29.0	1.0	1.0	1.0	1.0	1.0	1.0	1.0	1.0	1.0	1.0	1.0	1.0	1.0	6.5	12.0	1.0	1.0	1.0	1.0	1.0
2861b6661d8ca7cd68794d6ba60c0468	1.0	1.0	1.0	1.0	1.0	1.0	1.0	1.0	1.0	1.0	1.0	1.0	1.0	1.0	1.0	1.0	1.0	1.0	1.0	1.0	1.0	1.0	1.0	1.0	1.0	1.0	1.0	1.0	1.0	59.0	1.0	1.0	1.0	1.0	1.0	1.0	10.75	20.5	30.25	40.0
e39618377ce1ad3de5917ce1d6a53041	1.0	1.0	1.0	1.0	1.0	1.0	1.0	1.0	1.0	1.0	1.0	1.0	1.0	1.0	1.0	363.0	363.0	363.0	363.0	363.0	1.0	1.0	1.0	1.0	1.0	1.0	25.5	60.0	538.0	1301.0	1.0	1.0	1.0	8.0	15.0	39.0	107.5	176.0	244.5	313.0
6f99ec116dd2c75648951e32fe9e448a	34.0	34.0	34.0	34.0	34.0	24.0	24.0	24.0	24.0	24.0	1.0	1.0	1.0	1.0	1.0	455.0	455.0	455.0	455.0	455.0	171.0	171.0	171.0	171.0	171.0	1.0	79.5	93.0	171.0	415.0	22.0	24.5	27.0	41.5	56.0	61.0	130.0	199.0	268.0	337.0
0d12bc6b8044809cafc7093ff23d7b42	1.0	1.0	1.0	1.0	1.0	1.0	1.0	1.0	1.0	1.0	1.0	1.0	1.0	1.0	1.0	1.0	1.0	1.0	1.0	1.0	1.0	1.0	1.0	1.0	1.0	1.0	1.0	1.0	1.0	1.0	1.0	22.0	43.0	59.5	76.0	1.0	1.0	1.0	1.0	1.0
e4fd1e8a1eb7017c11c80892ed374839	1.0	1.0	1.0	1.0	1.0	1.0	1.0	1.0	1.0	1.0	1.0	1.0	1.0	1.0	1.0	1.0	1.0	1.0	1.0	1.0	1.0	1.0	1.0	1.0	1.0	1.0	1.0	1.0	1.0	1.0	1.0	1.0	1.0	22.0	43.0	1.0	1.0	1.0	1.0	1.0
5e7b2d89b3e58d5a45d1d095fd890897	1.0	1.0	1.0	1.0	1.0	1.0	1.0	1.0	1.0	1.0	1.0	1.0	1.0	1.0	1.0	1.0	1.0	1.0	1.0	1.0	1.0	1.0	1.0	1.0	1.0	1.0	1.0	1.0	1.0	28.0	1.0	1.0	1.0	1.0	1.0	1.0	1.0	1.0	1.0	1.0
41f96b0fac1061db1d076bb9da770bc3	1.0	1.0	1.0	1.0	1.0	1.0	1.0	1.0	1.0	1.0	1.0	1.0	1.0	1.0	1.0	55.0	55.0	55.0	55.0	55.0	1.0	1.0	1.0	1.0	1.0	1.0	1.0	1.0	31.0	109.0	1.0	19.5	38.0	39.5	41.0	1.0	1.0	1.0	1.0	1.0
77f4c2d81cf7719758ea4f47a5e70bbf	1.0	1.0	1.0	1.0	1.0	1.0	1.0	1.0	1.0	1.0	1.0	1.0	1.0	1.0	1.0	1.0	1.0	1.0	1.0	1.0	1.0	1.0	1.0	1.0	1.0	1.0	1.0	1.0	1.0	1.0	1.0	1.0	1.0	35.0	69.0	1.0	1.0	1.0	1.0	1.0
54de851bfd34018d0791534ddeb5e9f6	1.0	1.0	1.0	1.0	1.0	24.0	24.0	24.0	24.0	24.0	1103.0	1103.0	1103.0	1103.0	1103.0	1.0	1.0	1.0	1.0	1.0	1.0	1.0	1.0	1.0	1.0	1.0	1.0	1.0	11.0	121.0	1.0	1.0	1.0	1.0	1.0	1.0	1.0	1.0	1.0	1.0
0644c54341c3ff20d2fcc55fa31813ac	1.0	1.0	1.0	1.0	1.0	1.0	1.0	1.0	1.0	1.0	1.0	1.0	1.0	1.0	1.0	1.0	1.0	1.0	1.0	1.0	1.0	1.0	1.0	1.0	1.0	1.0	1.0	1.0	1.0	1.0	1.0	1.0	1.0	2.5	4.0	1.0	1.0	1.0	1.0	1.0
e2d3b8d596f514f7ceb9c3d5682ab28f	70.0	70.0	70.0	70.0	70.0	1.0	1.0	1.0	1.0	1.0	1.0	1.0	1.0	1.0	1.0	1.0	1.0	1.0	1.0	1.0	1.0	1.0	1.0	1.0	1.0	1.0	1.0	1.0	1.0	1.0	1.0	1.0	1.0	1.0	1.0	1.0	1.0	1.0	1.0	1.0
2316ebdbd26a4ac1d3c73358d9a11783	1.0	1.0	1.0	1.0	1.0	1.0	1.0	1.0	1.0	1.0	1.0	1.0	1.0	1.0	1.0	1.0	1.0	1.0	1.0	1.0	58.0	58.0	58.0	58.0	58.0	1.0	1.0	1.0	29.0	81.0	1.0	1.0	1.0	1.0	1.0	1.0	1.0	1.0	1.0	1.0
061546e149be998c2bfe0a8a1057d498	1.0	1.0	1.0	1.0	1.0	1.0	1.0	1.0	1.0	1.0	1.0	1.0	1.0	1.0	1.0	1.0	1.0	1.0	1.0	1.0	1.0	1.0	1.0	1.0	1.0	1.0	1.0	1.0	1.0	328.0	1.0	1.0	1.0	1.0	1.0	1.0	1.0	1.0	1.0	1.0
95e2a58816988f993c5dc43a4216934a	1.0	1.0	1.0	1.0	1.0	1.0	1.0	1.0	1.0	1.0	1.0	1.0	1.0	1.0	1.0	1.0	1.0	1.0	1.0	1.0	1.0	1.0	1.0	1.0	1.0	1.0	1.0	1.0	1.0	1318.0	1.0	1.0	1.0	1.0	1.0	1.0	134.0	267.0	400.0	533.0
aae5f785e6d7cf6ce591e8b2834eac91	1.0	1.0	1.0	1.0	1.0	1.0	1.0	1.0	1.0	1.0	1.0	1.0	1.0	1.0	1.0	1.0	1.0	1.0	1.0	1.0	1.0	1.0	1.0	1.0	1.0	1.0	1.0	1.0	1.0	1.0	1.0	1.0	1.0	34.0	67.0	1.0	1.0	1.0	1.0	1.0
311835f5c88487b8e46293e40f471def	1.0	1.0	1.0	1.0	1.0	1.0	1.0	1.0	1.0	1.0	1.0	1.0	1.0	1.0	1.0	1.0	1.0	1.0	1.0	1.0	1.0	1.0	1.0	1.0	1.0	1.0	1.0	1.0	1.0	41.0	1.0	1.0	1.0	1.0	1.0	1.0	39.75	78.5	117.25	156.0
aaf3f5629995f9bf4da8e7233ab9f838	1.0	1.0	1.0	1.0	1.0	15.0	15.0	15.0	15.0	15.0	1.0	1.0	1.0	1.0	1.0	1.0	1.0	1.0	1.0	1.0	1.0	1.0	1.0	1.0	1.0	1.0	1.0	1.0	1.0	1.0	1.0	1.0	1.0	1.0	1.0	1.0	1.0	1.0	1.0	1.0
91c90b580db54370758d5d943eb09844	1.0	1.0	1.0	1.0	1.0	1.0	1.0	1.0	1.0	1.0	1.0	1.0	1.0	1.0	1.0	1.0	1.0	1.0	1.0	1.0	1.0	1.0	1.0	1.0	1.0	1.0	1.0	1.0	1.0	34.0	1.0	1.0	1.0	1.0	1.0	1.0	1.0	1.0	1.0	1.0
331f992919611c9bd5b706f0c7bdd18f	1.0	1.0	1.0	1.0	1.0	1.0	1.0	1.0	1.0	1.0	1.0	1.0	1.0	1.0	1.0	1.0	1.0	1.0	1.0	1.0	1.0	1.0	1.0	1.0	1.0	1.0	1.0	1.0	1.0	1.0	1.0	1.0	1.0	8.5	16.0	1.0	1.0	1.0	1.0	1.0
aa09a82786d771213756246fe7e2c91a	1.0	1.0	1.0	1.0	1.0	1.0	1.0	1.0	1.0	1.0	1.0	1.0	1.0	1.0	1.0	1.0	1.0	1.0	1.0	1.0	1.0	1.0	1.0	1.0	1.0	1.0	1.0	1.0	1.0	1.0	1.0	1.0	1.0	26.0	51.0	1.0	1.0	1.0	1.0	1.0
1b2984b6cae97bb5228351d329bde211	1.0	1.0	1.0	1.0	1.0	1.0	1.0	1.0	1.0	1.0	1.0	1.0	1.0	1.0	1.0	162.0	162.0	162.0	162.0	162.0	1.0	1.0	1.0	1.0	1.0	1.0	1.0	1.0	1.0	1.0	1.0	1.0	1.0	1.0	1.0	1.0	1.0	1.0	1.0	1.0
7524cc0552eb5f5b7d8be6cb8f34946d	1.0	1.0	1.0	1.0	1.0	1.0	1.0	1.0	1.0	1.0	1.0	1.0	1.0	1.0	1.0	1.0	1.0	1.0	1.0	1.0	1.0	1.0	1.0	1.0	1.0	1.0	1.0	1.0	1.0	1.0	1.0	1.0	1.0	1.0	1.0	1.0	3.0	5.0	7.0	9.0
f762608efa985147e51079a79404ccab	26.0	26.0	26.0	26.0	26.0	1.0	1.0	1.0	1.0	1.0	1.0	1.0	1.0	1.0	1.0	1.0	1.0	1.0	1.0	1.0	1.0	1.0	1.0	1.0	1.0	1.0	1.0	1.0	1.0	1.0	1.0	1.0	1.0	1.0	1.0	1.0	1.0	1.0	1.0	1.0
f52c20b13334ecd79d8319eac8f1b5e7	14.0	14.0	14.0	14.0	14.0	1.0	1.0	1.0	1.0	1.0	1.0	1.0	1.0	1.0	1.0	1.0	1.0	1.0	1.0	1.0	1.0	1.0	1.0	1.0	1.0	1.0	1.0	1.0	1.0	1.0	1.0	1.0	1.0	1.0	1.0	1.0	1.0	1.0	1.0	1.0
cd6e0b096dc012a29f51948e3e012269	23.0	23.0	23.0	23.0	23.0	27.0	27.0	27.0	27.0	27.0	1.0	1.0	1.0	1.0	1.0	1841.0	1841.0	1841.0	1841.0	1841.0	350.0	350.0	350.0	350.0	350.0	1.0	94.5	265.0	2829.0	10150.0	24.0	27.0	30.0	40.5	51.0	442.0	534.25	626.5	718.75	811.0
e1de6a89105a16a34f531b8e9f22fc7c	1.0	1.0	1.0	1.0	1.0	1.0	1.0	1.0	1.0	1.0	1.0	1.0	1.0	1.0	1.0	1.0	1.0	1.0	1.0	1.0	13.0	13.0	13.0	13.0	13.0	1.0	1.0	1.0	1.0	1.0	1.0	1.0	1.0	1.0	1.0	1.0	1.0	1.0	1.0	1.0
c1c007590c6311315740b11f4f3030a7	1.0	1.0	1.0	1.0	1.0	1.0	1.0	1.0	1.0	1.0	1.0	1.0	1.0	1.0	1.0	1.0	1.0	1.0	1.0	1.0	1.0	1.0	1.0	1.0	1.0	1.0	1.0	1.0	17.5	165.0	1.0	16.0	31.0	64.0	97.0	1.0	1.0	1.0	1.0	1.0
3820e9c16ae0fbb6fb7a3f26bd9ebdcb	1.0	1.0	1.0	1.0	1.0	1.0	1.0	1.0	1.0	1.0	1.0	1.0	1.0	1.0	1.0	1.0	1.0	1.0	1.0	1.0	90.0	90.0	90.0	90.0	90.0	1.0	1.0	1.0	1.0	29.0	1.0	1.0	1.0	1.0	1.0	1.0	27.0	53.0	79.0	105.0
795229ab093774a632d6c3a24d9b02fb	1.0	1.0	1.0	1.0	1.0	1.0	1.0	1.0	1.0	1.0	1.0	1.0	1.0	1.0	1.0	1.0	1.0	1.0	1.0	1.0	1.0	1.0	1.0	1.0	1.0	1.0	1.0	1.0	1.0	1.0	1.0	1.0	1.0	9.5	18.0	1.0	1.0	1.0	1.0	1.0
1e07d41f1da4edd89cf6aa561c4d0cd0	1.0	1.0	1.0	1.0	1.0	1.0	1.0	1.0	1.0	1.0	1.0	1.0	1.0	1.0	1.0	1.0	1.0	1.0	1.0	1.0	1.0	1.0	1.0	1.0	1.0	1.0	1.0	1.0	1.0	1.0	1.0	1.0	1.0	7.0	13.0	1.0	1.0	1.0	1.0	1.0
2e8fea561da161d5658b62cf794722a6	1.0	1.0	1.0	1.0	1.0	1.0	1.0	1.0	1.0	1.0	1.0	1.0	1.0	1.0	1.0	28.0	28.0	28.0	28.0	28.0	1.0	1.0	1.0	1.0	1.0	1.0	1.0	10.0	34.0	59.0	1.0	1.0	1.0	9.0	17.0	1.0	4.5	8.0	11.5	15.0
21ded9f66a8058c0347d92da9fba7d7b	1.0	1.0	1.0	1.0	1.0	1.0	1.0	1.0	1.0	1.0	1.0	1.0	1.0	1.0	1.0	1.0	1.0	1.0	1.0	1.0	1.0	1.0	1.0	1.0	1.0	1.0	1.0	1.0	1.0	1.0	1.0	9.5	18.0	31.5	45.0	1.0	1.0	1.0	1.0	1.0
3daccbd1d391042cefdf8440c41c8148	1.0	1.0	1.0	1.0	1.0	1.0	1.0	1.0	1.0	1.0	1.0	1.0	1.0	1.0	1.0	1.0	1.0	1.0	1.0	1.0	1.0	1.0	1.0	1.0	1.0	1.0	1.0	1.0	1.0	36.0	1.0	1.0	1.0	1.0	1.0	1.0	1.0	1.0	1.0	1.0
1bd855a73fc25acac9f5b519ad61405e	64.0	64.0	64.0	64.0	64.0	69.0	69.0	69.0	69.0	69.0	1.0	1.0	1.0	1.0	1.0	1.0	1.0	1.0	1.0	1.0	1.0	1.0	1.0	1.0	1.0	1.0	1.0	1.0	1.0	1.0	1.0	1.0	1.0	1.0	1.0	1.0	1.0	1.0	1.0	1.0
e6d56b77cac6af806a44bc643b9813d5	1.0	1.0	1.0	1.0	1.0	1.0	1.0	1.0	1.0	1.0	1.0	1.0	1.0	1.0	1.0	1.0	1.0	1.0	1.0	1.0	1.0	1.0	1.0	1.0	1.0	1.0	1.0	1.0	53.0	522.0	1.0	33.5	66.0	541.0	1016.0	1.0	1.0	1.0	1.0	1.0
b43a71115341d7f25f469323cf8eb774	1.0	1.0	1.0	1.0	1.0	1.0	1.0	1.0	1.0	1.0	1.0	1.0	1.0	1.0	1.0	1.0	1.0	1.0	1.0	1.0	1.0	1.0	1.0	1.0	1.0	1.0	1.0	1.0	1.0	26.0	1.0	1.0	1.0	1.0	1.0	1.0	1.0	1.0	1.0	1.0
2585b039ee3df5cd9cb21b651e062192	729.0	729.0	729.0	729.0	729.0	450.0	450.0	450.0	450.0	450.0	38.0	38.0	38.0	38.0	38.0	168.0	168.0	168.0	168.0	168.0	219.0	219.0	219.0	219.0	219.0	19.0	67.5	105.0	192.0	291.0	1.0	34.0	67.0	130.0	193.0	68.0	84.5	101.0	117.5	134.0
7886cb3680d69a382243f709390b4b49	1.0	1.0	1.0	1.0	1.0	1.0	1.0	1.0	1.0	1.0	1.0	1.0	1.0	1.0	1.0	1.0	1.0	1.0	1.0	1.0	1.0	1.0	1.0	1.0	1.0	1.0	1.0	1.0	1.0	1.0	1.0	1.0	1.0	1.0	1.0	1.0	181.0	361.0	541.0	721.0
710f653e90067c4daef87580696a649c	6.0	6.0	6.0	6.0	6.0	1.0	1.0	1.0	1.0	1.0	1.0	1.0	1.0	1.0	1.0	1.0	1.0	1.0	1.0	1.0	1.0	1.0	1.0	1.0	1.0	1.0	1.0	1.0	1.0	1.0	1.0	1.0	1.0	1.0	1.0	1.0	1.75	2.5	3.25	4.0
6007b5d6881b4c6cff24625944316284	1.0	1.0	1.0	1.0	1.0	1.0	1.0	1.0	1.0	1.0	1.0	1.0	1.0	1.0	1.0	1.0	1.0	1.0	1.0	1.0	1.0	1.0	1.0	1.0	1.0	1.0	1.0	1.0	1.0	1.0	1.0	1.0	1.0	1.0	1.0	1.0	5.25	9.5	13.75	18.0
6371528826482f6a77dcffc7847607c0	1.0	1.0	1.0	1.0	1.0	1.0	1.0	1.0	1.0	1.0	1.0	1.0	1.0	1.0	1.0	368.0	368.0	368.0	368.0	368.0	1.0	1.0	1.0	1.0	1.0	1.0	1.0	1.0	1.0	1.0	1.0	1.0	1.0	1.0	1.0	1.0	1.0	1.0	1.0	1.0
1272fd0976f53ada9cbc0cda3472dc2f	1.0	1.0	1.0	1.0	1.0	1.0	1.0	1.0	1.0	1.0	1.0	1.0	1.0	1.0	1.0	1.0	1.0	1.0	1.0	1.0	1.0	1.0	1.0	1.0	1.0	1.0	1.0	1.0	1.0	1.0	1.0	1.0	1.0	9.0	17.0	1.0	1.0	1.0	1.0	1.0
617d2b1434ed849771e1d23ec1454a7d	42.0	42.0	42.0	42.0	42.0	31.0	31.0	31.0	31.0	31.0	1.0	1.0	1.0	1.0	1.0	76.0	76.0	76.0	76.0	76.0	1.0	1.0	1.0	1.0	1.0	1.0	1.0	1.0	1.0	563.0	1.0	28.0	55.0	127.0	199.0	1.0	1.0	1.0	1.0	1.0
8d6d68225f9e08a80a681a6e816f1ed8	1.0	1.0	1.0	1.0	1.0	1.0	1.0	1.0	1.0	1.0	1.0	1.0	1.0	1.0	1.0	1.0	1.0	1.0	1.0	1.0	1.0	1.0	1.0	1.0	1.0	1.0	1.0	1.0	1.0	31.0	1.0	1.0	1.0	1.0	1.0	1.0	1.0	1.0	1.0	1.0
2c76daf888b9c4c9dfc492de0cdbcc6e	1.0	1.0	1.0	1.0	1.0	35.0	35.0	35.0	35.0	35.0	1.0	1.0	1.0	1.0	1.0	1.0	1.0	1.0	1.0	1.0	1.0	1.0	1.0	1.0	1.0	1.0	1.0	1.0	1.0	1.0	1.0	1.0	1.0	1.0	1.0	1.0	1.0	1.0	1.0	1.0
ed9b291e73ae733af3ab6ff09862e5c4	1.0	1.0	1.0	1.0	1.0	1.0	1.0	1.0	1.0	1.0	1.0	1.0	1.0	1.0	1.0	1.0	1.0	1.0	1.0	1.0	1.0	1.0	1.0	1.0	1.0	1.0	1.0	1.0	1.0	33.0	1.0	1.0	1.0	1.0	1.0	1.0	1.0	1.0	1.0	1.0
5c9ada7d7c125d77409937f6ec9618df	1.0	1.0	1.0	1.0	1.0	1.0	1.0	1.0	1.0	1.0	1.0	1.0	1.0	1.0	1.0	1.0	1.0	1.0	1.0	1.0	1.0	1.0	1.0	1.0	1.0	1.0	1.0	1.0	1.0	1.0	1.0	1.0	1.0	5.5	10.0	1.0	1.0	1.0	1.0	1.0
303f328eb2154675e3efd755e9fbe5bd	1.0	1.0	1.0	1.0	1.0	1.0	1.0	1.0	1.0	1.0	1.0	1.0	1.0	1.0	1.0	106.0	106.0	106.0	106.0	106.0	1.0	1.0	1.0	1.0	1.0	1.0	1.0	1.0	1.0	1.0	1.0	1.0	1.0	1.0	1.0	1.0	24.5	48.0	71.5	95.0
00bc1c2e18b9545ade25d5cf4efab267	1.0	1.0	1.0	1.0	1.0	11.0	11.0	11.0	11.0	11.0	1.0	1.0	1.0	1.0	1.0	108.0	108.0	108.0	108.0	108.0	12.0	12.0	12.0	12.0	12.0	1.0	20.0	42.0	62.0	299.0	1.0	1.0	1.0	23.0	45.0	1.0	1.0	1.0	1.0	1.0
a5c5867ade9820f4c96f3ba7d5bbc502	1.0	1.0	1.0	1.0	1.0	1.0	1.0	1.0	1.0	1.0	1.0	1.0	1.0	1.0	1.0	1.0	1.0	1.0	1.0	1.0	1.0	1.0	1.0	1.0	1.0	1.0	1.0	1.0	1.0	1.0	1.0	1.0	1.0	1.0	1.0	1.0	179.25	357.5	535.75	714.0
78c315026d8c87eea707323eb657bd91	1.0	1.0	1.0	1.0	1.0	1.0	1.0	1.0	1.0	1.0	1.0	1.0	1.0	1.0	1.0	1.0	1.0	1.0	1.0	1.0	1.0	1.0	1.0	1.0	1.0	1.0	1.0	1.0	1.0	1.0	1.0	1.0	1.0	1.0	1.0	1.0	28.75	56.5	84.25	112.0
2165012fd88a9133e4f15bf09bbb8d16	1.0	1.0	1.0	1.0	1.0	1.0	1.0	1.0	1.0	1.0	1.0	1.0	1.0	1.0	1.0	1.0	1.0	1.0	1.0	1.0	1.0	1.0	1.0	1.0	1.0	1.0	1.0	1.0	1.0	1.0	1.0	1.0	1.0	20.5	40.0	1.0	1.0	1.0	1.0	1.0
9be7cca95d1b844d12714ca39bd19624	1.0	1.0	1.0	1.0	1.0	1.0	1.0	1.0	1.0	1.0	28.0	28.0	28.0	28.0	28.0	1.0	1.0	1.0	1.0	1.0	1.0	1.0	1.0	1.0	1.0	1.0	1.0	1.0	1.0	1.0	1.0	1.0	1.0	1.0	1.0	1.0	1.0	1.0	1.0	1.0
9d3454853b155944bbaf910da77cb6c1	1.0	1.0	1.0	1.0	1.0	1.0	1.0	1.0	1.0	1.0	1.0	1.0	1.0	1.0	1.0	1.0	1.0	1.0	1.0	1.0	1.0	1.0	1.0	1.0	1.0	1.0	1.0	1.0	1.0	1.0	1.0	1.0	1.0	21.5	42.0	1.0	1.0	1.0	1.0	1.0
1b9c15ca826138b5dd3173b2e5b1a960	114.0	114.0	114.0	114.0	114.0	177.0	177.0	177.0	177.0	177.0	1.0	1.0	1.0	1.0	1.0	1151.0	1151.0	1151.0	1151.0	1151.0	24857.0	24857.0	24857.0	24857.0	24857.0	26.0	109.5	330.0	879.0	6073.0	111.0	154.0	197.0	256.5	316.0	28.0	51.75	75.5	99.25	123.0
c13e97adabbfb6e448b7305f806c9548	1.0	1.0	1.0	1.0	1.0	1.0	1.0	1.0	1.0	1.0	1.0	1.0	1.0	1.0	1.0	1.0	1.0	1.0	1.0	1.0	1.0	1.0	1.0	1.0	1.0	1.0	1.0	1.0	1.0	94.0	1.0	1.0	1.0	1.0	1.0	1.0	1.0	1.0	1.0	1.0
04772ad57771b47e0dafbe48feb42821	1.0	1.0	1.0	1.0	1.0	1.0	1.0	1.0	1.0	1.0	1.0	1.0	1.0	1.0	1.0	1.0	1.0	1.0	1.0	1.0	10.0	10.0	10.0	10.0	10.0	1.0	1.0	1.0	1.0	1.0	1.0	1.0	1.0	1.0	1.0	1.0	1.0	1.0	1.0	1.0
6420eb95726a028a63007089be757061	1.0	1.0	1.0	1.0	1.0	1.0	1.0	1.0	1.0	1.0	1.0	1.0	1.0	1.0	1.0	1.0	1.0	1.0	1.0	1.0	1.0	1.0	1.0	1.0	1.0	1.0	1.0	1.0	1.0	1.0	1.0	1.0	1.0	1.0	1.0	1.0	33.75	66.5	99.25	132.0
f4a725fe702f0c39f401c7995d8fef5c	1.0	1.0	1.0	1.0	1.0	1.0	1.0	1.0	1.0	1.0	1.0	1.0	1.0	1.0	1.0	1.0	1.0	1.0	1.0	1.0	1.0	1.0	1.0	1.0	1.0	1.0	1.0	12.0	97.0	394.0	1.0	1.0	1.0	1.0	1.0	1.0	8.25	15.5	22.75	30.0
c7eda61f0f8211830732ab8ebf5b1ea2	40.0	40.0	40.0	40.0	40.0	90.0	90.0	90.0	90.0	90.0	30.0	30.0	30.0	30.0	30.0	191.0	191.0	191.0	191.0	191.0	157.0	157.0	157.0	157.0	157.0	26.0	81.0	127.0	372.0	5922.0	87.0	230.0	373.0	865.5	1358.0	1.0	11.0	21.0	31.0	41.0
4d483b9187d2e8cc036841cef57f9206	1.0	1.0	1.0	1.0	1.0	19.0	19.0	19.0	19.0	19.0	1.0	1.0	1.0	1.0	1.0	1.0	1.0	1.0	1.0	1.0	1.0	1.0	1.0	1.0	1.0	1.0	1.0	1.0	1.0	1.0	1.0	1.0	1.0	1.0	1.0	1.0	1.0	1.0	1.0	1.0
1a0b671a0a5eabc5167e5414f1dfbbac	122.0	122.0	122.0	122.0	122.0	113.0	113.0	113.0	113.0	113.0	1.0	1.0	1.0	1.0	1.0	45.0	45.0	45.0	45.0	45.0	56.0	56.0	56.0	56.0	56.0	1.0	22.0	44.0	57.5	67.0	1.0	1.0	1.0	15.0	29.0	1.0	10.75	20.5	30.25	40.0
13a31481306830e464977a3f01a3221b	1.0	1.0	1.0	1.0	1.0	50.0	50.0	50.0	50.0	50.0	1.0	1.0	1.0	1.0	1.0	36.0	36.0	36.0	36.0	36.0	59.0	59.0	59.0	59.0	59.0	1.0	1.0	1.0	134.5	1754.0	1.0	168.5	336.0	588.0	840.0	1.0	1.0	1.0	1.0	1.0
f6e08f0f5a6db95c167d6df0fa6d7dcd	1.0	1.0	1.0	1.0	1.0	1.0	1.0	1.0	1.0	1.0	1.0	1.0	1.0	1.0	1.0	1.0	1.0	1.0	1.0	1.0	1.0	1.0	1.0	1.0	1.0	1.0	1.0	1.0	1.0	1.0	1.0	1.0	1.0	1.0	1.0	1.0	18.25	35.5	52.75	70.0
6c59a41b81cf285a8dbd116738d50bf5	1.0	1.0	1.0	1.0	1.0	1.0	1.0	1.0	1.0	1.0	1.0	1.0	1.0	1.0	1.0	1.0	1.0	1.0	1.0	1.0	1.0	1.0	1.0	1.0	1.0	1.0	1.0	1.0	1.0	34.0	1.0	1.0	1.0	1.0	1.0	1.0	21.5	42.0	62.5	83.0
c9fda5cf2b4b6f93adc130a1b6e1b545	1.0	1.0	1.0	1.0	1.0	1.0	1.0	1.0	1.0	1.0	1.0	1.0	1.0	1.0	1.0	1.0	1.0	1.0	1.0	1.0	1.0	1.0	1.0	1.0	1.0	1.0	1.0	1.0	1.0	1.0	1.0	1.0	1.0	138.5	276.0	1.0	1.0	1.0	1.0	1.0
55a3bd4d89b03452e4a4d914bff6ef72	1.0	1.0	1.0	1.0	1.0	1.0	1.0	1.0	1.0	1.0	1.0	1.0	1.0	1.0	1.0	1.0	1.0	1.0	1.0	1.0	1.0	1.0	1.0	1.0	1.0	1.0	1.0	1.0	1.0	1.0	1.0	1.0	1.0	1.0	1.0	1.0	24.25	47.5	70.75	94.0
4d2d170cde319b8f0ff34861e28fda6f	1.0	1.0	1.0	1.0	1.0	1.0	1.0	1.0	1.0	1.0	1.0	1.0	1.0	1.0	1.0	1.0	1.0	1.0	1.0	1.0	1.0	1.0	1.0	1.0	1.0	1.0	1.0	1.0	14.0	39.0	1.0	1.0	1.0	8.0	15.0	1.0	1.0	1.0	1.0	1.0
f67ddb1975b3bd5040f3070ae683e5c0	1.0	1.0	1.0	1.0	1.0	1.0	1.0	1.0	1.0	1.0	1.0	1.0	1.0	1.0	1.0	1.0	1.0	1.0	1.0	1.0	1.0	1.0	1.0	1.0	1.0	1.0	1.0	1.0	1.0	1.0	1.0	1.0	1.0	4.5	8.0	1.0	1.0	1.0	1.0	1.0
aebcabce998fad73391df7e6caf57522	1.0	1.0	1.0	1.0	1.0	1.0	1.0	1.0	1.0	1.0	1.0	1.0	1.0	1.0	1.0	1.0	1.0	1.0	1.0	1.0	1.0	1.0	1.0	1.0	1.0	1.0	1.0	1.0	1.0	77.0	1.0	1.0	1.0	1.0	1.0	1.0	22.25	43.5	64.75	86.0
352f47e473d3fe7597403340313433bc	1.0	1.0	1.0	1.0	1.0	1.0	1.0	1.0	1.0	1.0	1.0	1.0	1.0	1.0	1.0	1.0	1.0	1.0	1.0	1.0	1.0	1.0	1.0	1.0	1.0	1.0	1.0	1.0	1.0	1.0	1.0	1.0	1.0	1.0	1.0	1.0	15.5	30.0	44.5	59.0
6662f76a19326c81436e1730a77a1b26	1.0	1.0	1.0	1.0	1.0	23.0	23.0	23.0	23.0	23.0	1.0	1.0	1.0	1.0	1.0	1.0	1.0	1.0	1.0	1.0	18.0	18.0	18.0	18.0	18.0	1.0	1.0	1.0	23.5	124.0	1.0	219.0	437.0	480.5	524.0	1.0	1.0	1.0	1.0	1.0
523bd54551c7ff683bef956e57d587c9	1.0	1.0	1.0	1.0	1.0	1.0	1.0	1.0	1.0	1.0	1.0	1.0	1.0	1.0	1.0	1.0	1.0	1.0	1.0	1.0	1.0	1.0	1.0	1.0	1.0	1.0	1.0	1.0	12.5	18.0	1.0	1.0	1.0	1.0	1.0	55.0	285.25	515.5	745.75	976.0
2f46c256f61531769bd9d78a25ae3be4	369.0	369.0	369.0	369.0	369.0	1.0	1.0	1.0	1.0	1.0	1.0	1.0	1.0	1.0	1.0	1.0	1.0	1.0	1.0	1.0	1.0	1.0	1.0	1.0	1.0	1.0	1.0	1.0	1.0	1.0	1.0	1.0	1.0	1.0	1.0	1.0	1.0	1.0	1.0	1.0
3e78dd6097ebea20aac36c17aa1e0936	1.0	1.0	1.0	1.0	1.0	1.0	1.0	1.0	1.0	1.0	1.0	1.0	1.0	1.0	1.0	1.0	1.0	1.0	1.0	1.0	1.0	1.0	1.0	1.0	1.0	1.0	1.0	1.0	1.0	20.0	1.0	1.0	1.0	1.0	1.0	1.0	1.0	1.0	1.0	1.0
85c0248c757bc7e3938d4ebb5b232db4	1.0	1.0	1.0	1.0	1.0	1.0	1.0	1.0	1.0	1.0	1.0	1.0	1.0	1.0	1.0	1.0	1.0	1.0	1.0	1.0	1.0	1.0	1.0	1.0	1.0	1.0	1.0	1.0	1.0	64.0	1.0	1.0	1.0	1.0	1.0	1.0	1.0	1.0	1.0	1.0
bb9d92d43fe5256577885308944aabc3	3647.0	3647.0	3647.0	3647.0	3647.0	26.0	26.0	26.0	26.0	26.0	1.0	1.0	1.0	1.0	1.0	11.0	11.0	11.0	11.0	11.0	19.0	19.0	19.0	19.0	19.0	1.0	1.0	1.0	27.0	103.0	1.0	7.0	13.0	16.0	19.0	11.0	12.5	14.0	15.5	17.0
822c3ab8157022fb8b7154391b64422d	1.0	1.0	1.0	1.0	1.0	1.0	1.0	1.0	1.0	1.0	1.0	1.0	1.0	1.0	1.0	131.0	131.0	131.0	131.0	131.0	82.0	82.0	82.0	82.0	82.0	1.0	1.0	1.0	1.0	147.0	1.0	1.0	1.0	1.0	1.0	1.0	1.0	1.0	1.0	1.0
babcd2fe89786652a42ad0b9cf31e4bd	1.0	1.0	1.0	1.0	1.0	1.0	1.0	1.0	1.0	1.0	1.0	1.0	1.0	1.0	1.0	6.0	6.0	6.0	6.0	6.0	1.0	1.0	1.0	1.0	1.0	1.0	1.0	1.0	1.0	1.0	1.0	1.0	1.0	1.0	1.0	1.0	1.0	1.0	1.0	1.0
e21d03bb3ff06f6f2f15d05b5ce20bd2	1.0	1.0	1.0	1.0	1.0	1.0	1.0	1.0	1.0	1.0	1.0	1.0	1.0	1.0	1.0	21.0	21.0	21.0	21.0	21.0	1.0	1.0	1.0	1.0	1.0	1.0	1.0	1.0	1.0	1.0	1.0	1.0	1.0	1.0	1.0	1.0	1.0	1.0	1.0	1.0
dac266ba08372cacf044277470fa1da5	1.0	1.0	1.0	1.0	1.0	1.0	1.0	1.0	1.0	1.0	1.0	1.0	1.0	1.0	1.0	1.0	1.0	1.0	1.0	1.0	7.0	7.0	7.0	7.0	7.0	1.0	1.0	1.0	1.0	1.0	1.0	1.0	1.0	1.0	1.0	1.0	1.0	1.0	1.0	1.0
7f1616f2138932d36c5cbff4d4d290f2	1.0	1.0	1.0	1.0	1.0	11.0	11.0	11.0	11.0	11.0	1.0	1.0	1.0	1.0	1.0	1301.0	1301.0	1301.0	1301.0	1301.0	19.0	19.0	19.0	19.0	19.0	1.0	1.0	1.0	1.0	27.0	1.0	1.0	1.0	1.0	1.0	1.0	7.75	14.5	21.25	28.0
3c8049e072e9d659367da96db0fbe34c	1.0	1.0	1.0	1.0	1.0	1.0	1.0	1.0	1.0	1.0	1.0	1.0	1.0	1.0	1.0	11.0	11.0	11.0	11.0	11.0	1.0	1.0	1.0	1.0	1.0	1.0	1.0	1.0	1.0	1.0	1.0	1.0	1.0	1.0	1.0	1.0	1.0	1.0	1.0	1.0
f86a5ea6be53de98f71e0eb2c0481096	1.0	1.0	1.0	1.0	1.0	1.0	1.0	1.0	1.0	1.0	1.0	1.0	1.0	1.0	1.0	1.0	1.0	1.0	1.0	1.0	1.0	1.0	1.0	1.0	1.0	1.0	1.0	1.0	1.0	84.0	1.0	1.0	1.0	159.0	317.0	1.0	1.0	1.0	1.0	1.0
f182691eed411781bd2cbdc8565dbad0	66.0	66.0	66.0	66.0	66.0	51.0	51.0	51.0	51.0	51.0	1.0	1.0	1.0	1.0	1.0	1.0	1.0	1.0	1.0	1.0	1.0	1.0	1.0	1.0	1.0	1.0	1.0	1.0	1.0	1.0	1.0	1.0	1.0	1.0	1.0	1.0	1.0	1.0	1.0	1.0
5ed8e8404a616401f70bf8999e19061a	1.0	1.0	1.0	1.0	1.0	1.0	1.0	1.0	1.0	1.0	1.0	1.0	1.0	1.0	1.0	1.0	1.0	1.0	1.0	1.0	1.0	1.0	1.0	1.0	1.0	1.0	1.0	1.0	1.0	69.0	1.0	1.0	1.0	1.0	1.0	1.0	1.0	1.0	1.0	1.0
929be1a9d7680b034defb1f0179c4e69	1.0	1.0	1.0	1.0	1.0	1.0	1.0	1.0	1.0	1.0	1.0	1.0	1.0	1.0	1.0	1.0	1.0	1.0	1.0	1.0	1.0	1.0	1.0	1.0	1.0	1.0	1.0	1.0	1.0	181.0	1.0	1.0	1.0	1.0	1.0	1.0	1.0	1.0	1.0	1.0
14af8403e4d5ae6e569a032ca62e1731	1.0	1.0	1.0	1.0	1.0	1.0	1.0	1.0	1.0	1.0	1.0	1.0	1.0	1.0	1.0	9.0	9.0	9.0	9.0	9.0	1.0	1.0	1.0	1.0	1.0	1.0	3.0	7.0	26.5	70.0	1.0	1.0	1.0	1.0	1.0	1.0	4.5	8.0	11.5	15.0
2e777d6706de638960e0bc1410a4ce02	1.0	1.0	1.0	1.0	1.0	1.0	1.0	1.0	1.0	1.0	1.0	1.0	1.0	1.0	1.0	1.0	1.0	1.0	1.0	1.0	1.0	1.0	1.0	1.0	1.0	1.0	1.0	1.0	1.0	29.0	1.0	1.0	1.0	1.0	1.0	1.0	1.0	1.0	1.0	1.0
42a021e2f3e00659b2e75663949b69c1	1.0	1.0	1.0	1.0	1.0	1.0	1.0	1.0	1.0	1.0	1.0	1.0	1.0	1.0	1.0	1.0	1.0	1.0	1.0	1.0	1.0	1.0	1.0	1.0	1.0	1.0	1.0	1.0	1.0	59.0	1.0	1.0	1.0	17.0	33.0	1.0	1.0	1.0	1.0	1.0
5db9c233b053cf0be20276e3a4a4230c	1.0	1.0	1.0	1.0	1.0	1.0	1.0	1.0	1.0	1.0	1.0	1.0	1.0	1.0	1.0	87.0	87.0	87.0	87.0	87.0	1.0	1.0	1.0	1.0	1.0	1.0	1.0	1.0	1.0	1.0	1.0	1.0	1.0	1.0	1.0	1.0	1.0	1.0	1.0	1.0
cdde4f1cf073794251ba5ac1113c6521	1.0	1.0	1.0	1.0	1.0	1.0	1.0	1.0	1.0	1.0	1.0	1.0	1.0	1.0	1.0	1.0	1.0	1.0	1.0	1.0	1.0	1.0	1.0	1.0	1.0	1.0	1.0	1.0	1.0	1.0	1.0	1.0	1.0	1.0	1.0	1.0	6.25	11.5	16.75	22.0
d67638111d62bf15cdb7bf2cde8a9e23	1.0	1.0	1.0	1.0	1.0	1.0	1.0	1.0	1.0	1.0	1.0	1.0	1.0	1.0	1.0	1.0	1.0	1.0	1.0	1.0	1.0	1.0	1.0	1.0	1.0	1.0	1.0	1.0	1.0	1.0	1.0	1.0	1.0	35.0	69.0	1.0	1.0	1.0	1.0	1.0
686e3ad0ac937f1afb0f2bbd34799abe	13.0	13.0	13.0	13.0	13.0	1.0	1.0	1.0	1.0	1.0	1.0	1.0	1.0	1.0	1.0	1.0	1.0	1.0	1.0	1.0	1.0	1.0	1.0	1.0	1.0	1.0	1.0	1.0	1.0	1.0	1.0	1.0	1.0	1.0	1.0	1.0	1.0	1.0	1.0	1.0
41ff94576e12c17b9b392ceec368d280	1.0	1.0	1.0	1.0	1.0	1.0	1.0	1.0	1.0	1.0	1.0	1.0	1.0	1.0	1.0	1.0	1.0	1.0	1.0	1.0	1.0	1.0	1.0	1.0	1.0	1.0	1.0	1.0	1.0	152.0	1.0	1.0	1.0	1.0	1.0	1.0	35.0	69.0	103.0	137.0
6ba697432336147191f840d32dcec133	1.0	1.0	1.0	1.0	1.0	1.0	1.0	1.0	1.0	1.0	1.0	1.0	1.0	1.0	1.0	1.0	1.0	1.0	1.0	1.0	1.0	1.0	1.0	1.0	1.0	1.0	1.0	1.0	1.0	27.0	1.0	1.0	1.0	1.0	1.0	1.0	1.0	1.0	1.0	1.0
01467c43e95bd11b4a31414c81ed9071	1.0	1.0	1.0	1.0	1.0	1.0	1.0	1.0	1.0	1.0	1021.0	1021.0	1021.0	1021.0	1021.0	1.0	1.0	1.0	1.0	1.0	1.0	1.0	1.0	1.0	1.0	1.0	1.0	1.0	1.0	1.0	1.0	1.0	1.0	1.0	1.0	1.0	17.0	33.0	49.0	65.0
cb912191fe1eddaa2637ff8d4bf72bf4	1.0	1.0	1.0	1.0	1.0	1.0	1.0	1.0	1.0	1.0	1.0	1.0	1.0	1.0	1.0	1.0	1.0	1.0	1.0	1.0	1.0	1.0	1.0	1.0	1.0	1.0	1.0	1.0	1.0	1.0	1.0	1.0	1.0	1.0	1.0	1.0	39.5	78.0	116.5	155.0
84cc69d32097e2cdeec530fd6bd67369	1.0	1.0	1.0	1.0	1.0	1.0	1.0	1.0	1.0	1.0	1.0	1.0	1.0	1.0	1.0	1.0	1.0	1.0	1.0	1.0	14.0	14.0	14.0	14.0	14.0	1.0	1.0	1.0	1.0	1.0	1.0	1.0	1.0	1.0	1.0	1.0	1.0	1.0	1.0	1.0
f518e8400e6ff70ef9cebf91c2824230	55.0	55.0	55.0	55.0	55.0	1.0	1.0	1.0	1.0	1.0	1.0	1.0	1.0	1.0	1.0	1.0	1.0	1.0	1.0	1.0	1.0	1.0	1.0	1.0	1.0	1.0	1.0	1.0	1.0	1.0	1.0	1.0	1.0	1.0	1.0	1.0	1.0	1.0	1.0	1.0
11ad3fe8e44dbf71610fabc4c37bab35	1.0	1.0	1.0	1.0	1.0	1.0	1.0	1.0	1.0	1.0	1.0	1.0	1.0	1.0	1.0	1.0	1.0	1.0	1.0	1.0	37.0	37.0	37.0	37.0	37.0	1.0	1.0	1.0	20.5	85.0	1.0	11.0	21.0	28.5	36.0	5.0	34.75	64.5	94.25	124.0
9576d01dda8aacb7afec84326bd26be2	1.0	1.0	1.0	1.0	1.0	12.0	12.0	12.0	12.0	12.0	1.0	1.0	1.0	1.0	1.0	1.0	1.0	1.0	1.0	1.0	1.0	1.0	1.0	1.0	1.0	1.0	1.0	1.0	1.0	1.0	1.0	1.0	1.0	1.0	1.0	1.0	1.0	1.0	1.0	1.0
78b887a3f13b18bcf5490886c56f1ddf	1.0	1.0	1.0	1.0	1.0	1.0	1.0	1.0	1.0	1.0	1.0	1.0	1.0	1.0	1.0	1.0	1.0	1.0	1.0	1.0	1.0	1.0	1.0	1.0	1.0	1.0	1.0	1.0	1.0	3.0	1.0	1.0	1.0	1.0	1.0	1.0	1.0	1.0	1.0	1.0
ab44e7d39407ed008e3e0c1dc9da25e8	1.0	1.0	1.0	1.0	1.0	1.0	1.0	1.0	1.0	1.0	1.0	1.0	1.0	1.0	1.0	1.0	1.0	1.0	1.0	1.0	1.0	1.0	1.0	1.0	1.0	1.0	1.0	1.0	1.0	1.0	1.0	1.0	1.0	19.0	37.0	1.0	1.0	1.0	1.0	1.0
8c4bd86a8daacd6fc5f8963b6b8abf91	6.0	6.0	6.0	6.0	6.0	1.0	1.0	1.0	1.0	1.0	1.0	1.0	1.0	1.0	1.0	1.0	1.0	1.0	1.0	1.0	1.0	1.0	1.0	1.0	1.0	1.0	1.0	1.0	1.0	1.0	1.0	1.0	1.0	1.0	1.0	1.0	1.0	1.0	1.0	1.0
8b9a587ec5fb25d5699b30823ec09cea	1.0	1.0	1.0	1.0	1.0	1.0	1.0	1.0	1.0	1.0	1.0	1.0	1.0	1.0	1.0	1.0	1.0	1.0	1.0	1.0	1.0	1.0	1.0	1.0	1.0	1.0	1.0	1.0	1.0	1.0	1.0	1.0	1.0	1.0	1.0	1.0	22.0	43.0	64.0	85.0
fedd5fcfc8a93aab4f1090e668d16752	1.0	1.0	1.0	1.0	1.0	1.0	1.0	1.0	1.0	1.0	1.0	1.0	1.0	1.0	1.0	1.0	1.0	1.0	1.0	1.0	1.0	1.0	1.0	1.0	1.0	1.0	1.0	1.0	1.0	17.0	1.0	1.0	1.0	1.0	1.0	1.0	1.0	1.0	1.0	1.0
617f161ec6a258b2e0c03ede94b4b339	1.0	1.0	1.0	1.0	1.0	1.0	1.0	1.0	1.0	1.0	1.0	1.0	1.0	1.0	1.0	1.0	1.0	1.0	1.0	1.0	1.0	1.0	1.0	1.0	1.0	1.0	1.0	1.0	1.0	1.0	1.0	1.0	1.0	1.0	1.0	1.0	13.75	26.5	39.25	52.0
efcf8adb0da3d32e0235478cd24fa7e1	1.0	1.0	1.0	1.0	1.0	8.0	8.0	8.0	8.0	8.0	1.0	1.0	1.0	1.0	1.0	1.0	1.0	1.0	1.0	1.0	1.0	1.0	1.0	1.0	1.0	1.0	1.0	1.0	1.0	1.0	1.0	1.0	1.0	1.0	1.0	1.0	1.0	1.0	1.0	1.0
f85f1c7845dd6111028fa404769a9dc3	1.0	1.0	1.0	1.0	1.0	1.0	1.0	1.0	1.0	1.0	1.0	1.0	1.0	1.0	1.0	1.0	1.0	1.0	1.0	1.0	1.0	1.0	1.0	1.0	1.0	1.0	1.0	1.0	1.0	40.0	1.0	1.0	1.0	1.0	1.0	1.0	1.0	1.0	1.0	1.0
86377de1047373a0c1f5c00e69fba574	1.0	1.0	1.0	1.0	1.0	1.0	1.0	1.0	1.0	1.0	1.0	1.0	1.0	1.0	1.0	1.0	1.0	1.0	1.0	1.0	23.0	23.0	23.0	23.0	23.0	1.0	1.0	1.0	1.0	1.0	1.0	1.0	1.0	1.0	1.0	1.0	1.0	1.0	1.0	1.0
50f204eb580ce7d0b386c7214cce0689	1.0	1.0	1.0	1.0	1.0	1.0	1.0	1.0	1.0	1.0	1.0	1.0	1.0	1.0	1.0	1.0	1.0	1.0	1.0	1.0	1.0	1.0	1.0	1.0	1.0	1.0	1.0	1.0	1.0	58.0	1.0	1.0	1.0	1.0	1.0	1.0	1.0	1.0	1.0	1.0
0c0f187550f76e422340cf4d24370fd5	1.0	1.0	1.0	1.0	1.0	1.0	1.0	1.0	1.0	1.0	1.0	1.0	1.0	1.0	1.0	1.0	1.0	1.0	1.0	1.0	1.0	1.0	1.0	1.0	1.0	1.0	1.0	1.0	51.5	350.0	1.0	1.0	1.0	1.0	1.0	1.0	35.5	70.0	104.5	139.0
a9e218af4de6ce86bd5804f3cf40520a	1.0	1.0	1.0	1.0	1.0	1.0	1.0	1.0	1.0	1.0	1.0	1.0	1.0	1.0	1.0	1.0	1.0	1.0	1.0	1.0	1.0	1.0	1.0	1.0	1.0	1.0	1.0	1.0	1.0	1.0	1.0	24.5	48.0	67.0	86.0	1.0	1.0	1.0	1.0	1.0
64ba734d90b83f46c705ea8c0140fd2a	1.0	1.0	1.0	1.0	1.0	1.0	1.0	1.0	1.0	1.0	1.0	1.0	1.0	1.0	1.0	1.0	1.0	1.0	1.0	1.0	1.0	1.0	1.0	1.0	1.0	1.0	1.0	1.0	1.0	1.0	1.0	1.0	1.0	1.0	1.0	1.0	14.25	27.5	40.75	54.0
e23a25b549884ec768c215ed44ef950c	1.0	1.0	1.0	1.0	1.0	1.0	1.0	1.0	1.0	1.0	1.0	1.0	1.0	1.0	1.0	1.0	1.0	1.0	1.0	1.0	7.0	7.0	7.0	7.0	7.0	1.0	1.0	1.0	1.0	1.0	1.0	1.0	1.0	1.0	1.0	1.0	1.0	1.0	1.0	1.0
7c35a3a6b9de4665848f212af2830054	1.0	1.0	1.0	1.0	1.0	1.0	1.0	1.0	1.0	1.0	1.0	1.0	1.0	1.0	1.0	1.0	1.0	1.0	1.0	1.0	1.0	1.0	1.0	1.0	1.0	1.0	1.0	1.0	1.0	58.0	1.0	1.0	1.0	1.0	1.0	1.0	1.0	1.0	1.0	1.0
a11d4ab75605c451ae5a9c6dd6572b88	1.0	1.0	1.0	1.0	1.0	1.0	1.0	1.0	1.0	1.0	1.0	1.0	1.0	1.0	1.0	1.0	1.0	1.0	1.0	1.0	1.0	1.0	1.0	1.0	1.0	1.0	1.0	1.0	1.0	1.0	1.0	1.0	1.0	35.0	69.0	1.0	1.0	1.0	1.0	1.0
ab08ca326f140ed30f9b211f8124ec2f	1.0	1.0	1.0	1.0	1.0	1.0	1.0	1.0	1.0	1.0	1.0	1.0	1.0	1.0	1.0	1.0	1.0	1.0	1.0	1.0	1.0	1.0	1.0	1.0	1.0	1.0	1.0	1.0	1.0	28.0	1.0	1.0	1.0	1.0	1.0	1.0	1.0	1.0	1.0	1.0
4e38c99a820b3bad17f48dd6d7aaa156	1.0	1.0	1.0	1.0	1.0	1.0	1.0	1.0	1.0	1.0	1.0	1.0	1.0	1.0	1.0	1.0	1.0	1.0	1.0	1.0	1.0	1.0	1.0	1.0	1.0	1.0	1.0	1.0	1.0	9.0	1.0	1.0	1.0	1.0	1.0	1.0	1.0	1.0	1.0	1.0
42188f84d0b6ecdd0182a373c0683d1b	1.0	1.0	1.0	1.0	1.0	179.0	179.0	179.0	179.0	179.0	1.0	1.0	1.0	1.0	1.0	21.0	21.0	21.0	21.0	21.0	1.0	1.0	1.0	1.0	1.0	1.0	1.0	1.0	1.0	356.0	1.0	61.5	122.0	129.0	136.0	1.0	1.0	1.0	1.0	1.0
c997b6e1fa4dfd7e4f08db499db77c37	21.0	21.0	21.0	21.0	21.0	1.0	1.0	1.0	1.0	1.0	1.0	1.0	1.0	1.0	1.0	1.0	1.0	1.0	1.0	1.0	1.0	1.0	1.0	1.0	1.0	1.0	1.0	1.0	1.0	7.0	1.0	1.0	1.0	1.0	1.0	1.0	1.0	1.0	1.0	1.0
30cdb98ed1916ad8f77f2078db15b363	1.0	1.0	1.0	1.0	1.0	1.0	1.0	1.0	1.0	1.0	1.0	1.0	1.0	1.0	1.0	9.0	9.0	9.0	9.0	9.0	6.0	6.0	6.0	6.0	6.0	1.0	1.0	1.0	4.5	20.0	1.0	1.0	1.0	1.0	1.0	1.0	6.0	11.0	16.0	21.0
ec04400b21bb60aedea845b28de4eeef	1.0	1.0	1.0	1.0	1.0	1.0	1.0	1.0	1.0	1.0	1.0	1.0	1.0	1.0	1.0	1.0	1.0	1.0	1.0	1.0	30.0	30.0	30.0	30.0	30.0	1.0	1.0	1.0	1.0	32.0	1.0	1.0	1.0	1.0	1.0	1.0	1.0	1.0	1.0	1.0
d9e2a127f46d3340422c3d032e32ea69	1.0	1.0	1.0	1.0	1.0	1.0	1.0	1.0	1.0	1.0	83.0	83.0	83.0	83.0	83.0	1.0	1.0	1.0	1.0	1.0	1.0	1.0	1.0	1.0	1.0	1.0	1.0	1.0	1.0	1.0	1.0	1.0	1.0	1.0	1.0	1.0	1.0	1.0	1.0	1.0
37c1b4170557e839516805958c99ba0d	1.0	1.0	1.0	1.0	1.0	1.0	1.0	1.0	1.0	1.0	1.0	1.0	1.0	1.0	1.0	1.0	1.0	1.0	1.0	1.0	1.0	1.0	1.0	1.0	1.0	1.0	1.0	1.0	1.0	56.0	1.0	1.0	1.0	1.0	1.0	1.0	1.0	1.0	1.0	1.0
0b269d68daeb6de1746dd73e72e78833	1.0	1.0	1.0	1.0	1.0	1.0	1.0	1.0	1.0	1.0	1.0	1.0	1.0	1.0	1.0	1.0	1.0	1.0	1.0	1.0	1.0	1.0	1.0	1.0	1.0	1.0	1.0	1.0	1.0	49.0	1.0	1.0	1.0	1.0	1.0	1.0	13.5	26.0	38.5	51.0
5437b057eae69ba924c4f8a7660b031b	19.0	19.0	19.0	19.0	19.0	25.0	25.0	25.0	25.0	25.0	1.0	1.0	1.0	1.0	1.0	1.0	1.0	1.0	1.0	1.0	20.0	20.0	20.0	20.0	20.0	1.0	1.0	1.0	1.0	14.0	1.0	1.0	1.0	1.0	1.0	1.0	3.75	6.5	9.25	12.0
d5cc8ba2b8d2e58f0d5874bfb47ddcf7	530.0	530.0	530.0	530.0	530.0	181.0	181.0	181.0	181.0	181.0	1.0	1.0	1.0	1.0	1.0	4178.0	4178.0	4178.0	4178.0	4178.0	209.0	209.0	209.0	209.0	209.0	1.0	56.0	86.0	294.5	8304.0	1.0	1.0	1.0	385.5	770.0	1.0	2686.0	5371.0	8056.0	10741.0
1e1a02b4dacec4202f0b140834ea4bdf	1.0	1.0	1.0	1.0	1.0	1.0	1.0	1.0	1.0	1.0	1.0	1.0	1.0	1.0	1.0	1.0	1.0	1.0	1.0	1.0	1.0	1.0	1.0	1.0	1.0	1.0	1.0	1.0	1.0	17.0	1.0	1.0	1.0	1.0	1.0	1.0	1.0	1.0	1.0	1.0
7969ee25ebef6d060148f70f21abe203	1.0	1.0	1.0	1.0	1.0	1.0	1.0	1.0	1.0	1.0	1.0	1.0	1.0	1.0	1.0	58.0	58.0	58.0	58.0	58.0	1.0	1.0	1.0	1.0	1.0	1.0	1.0	1.0	115.0	500.0	1.0	1.0	1.0	18.0	35.0	1.0	5395.25	10789.5	16183.75	21578.0
9e75279bca6516e8e81dcdce03466aa7	1.0	1.0	1.0	1.0	1.0	1.0	1.0	1.0	1.0	1.0	1.0	1.0	1.0	1.0	1.0	1.0	1.0	1.0	1.0	1.0	1.0	1.0	1.0	1.0	1.0	1.0	1.0	1.0	1.0	25.0	1.0	1.0	1.0	1.0	1.0	1.0	1.0	1.0	1.0	1.0
649da8f0e119b044c550e5088f630baa	1.0	1.0	1.0	1.0	1.0	1.0	1.0	1.0	1.0	1.0	1.0	1.0	1.0	1.0	1.0	1.0	1.0	1.0	1.0	1.0	54.0	54.0	54.0	54.0	54.0	1.0	1.0	1.0	10.0	243.0	1.0	1.0	1.0	1.0	1.0	1.0	98.5	196.0	293.5	391.0
68d3f5676f0f1043bfb7e88fef44186c	1.0	1.0	1.0	1.0	1.0	82.0	82.0	82.0	82.0	82.0	1.0	1.0	1.0	1.0	1.0	1.0	1.0	1.0	1.0	1.0	1.0	1.0	1.0	1.0	1.0	1.0	1.0	1.0	1.0	1.0	1.0	1.0	1.0	1.0	1.0	1.0	1.0	1.0	1.0	1.0
6b0d49b23f2e8a773f518ac7934218d2	1.0	1.0	1.0	1.0	1.0	1.0	1.0	1.0	1.0	1.0	1.0	1.0	1.0	1.0	1.0	1.0	1.0	1.0	1.0	1.0	1.0	1.0	1.0	1.0	1.0	1.0	1.0	1.0	11.0	742.0	1.0	1.0	1.0	6.0	11.0	1.0	1.0	1.0	1.0	1.0
14b4d2b82b4d565a0c4b3f5835980d57	458.0	458.0	458.0	458.0	458.0	12792.0	12792.0	12792.0	12792.0	12792.0	1.0	1.0	1.0	1.0	1.0	3322.0	3322.0	3322.0	3322.0	3322.0	1130.0	1130.0	1130.0	1130.0	1130.0	117.0	162.5	603.0	1366.5	2270.0	149.0	316.5	484.0	5263.0	10042.0	84.0	404.75	725.5	1046.25	1367.0
e1bc8b96904cd0c698da262a3b0d9908	1.0	1.0	1.0	1.0	1.0	1.0	1.0	1.0	1.0	1.0	1.0	1.0	1.0	1.0	1.0	1.0	1.0	1.0	1.0	1.0	1.0	1.0	1.0	1.0	1.0	1.0	1.0	1.0	1.0	11.0	1.0	1.0	1.0	1.0	1.0	1.0	5.75	10.5	15.25	20.0
8f741b976e01fdd50c82c3e87761847b	13.0	13.0	13.0	13.0	13.0	6.0	6.0	6.0	6.0	6.0	1.0	1.0	1.0	1.0	1.0	1.0	1.0	1.0	1.0	1.0	1.0	1.0	1.0	1.0	1.0	1.0	1.0	1.0	1.0	10.0	1.0	1.0	1.0	7.0	13.0	1.0	1.0	1.0	1.0	1.0
8f388830eda8abd8eab6c0fbc498186f	1.0	1.0	1.0	1.0	1.0	1.0	1.0	1.0	1.0	1.0	1.0	1.0	1.0	1.0	1.0	1.0	1.0	1.0	1.0	1.0	26.0	26.0	26.0	26.0	26.0	1.0	1.0	1.0	1.0	56.0	1.0	1.0	1.0	1.0	1.0	1.0	1.0	1.0	1.0	1.0
1e4eddcea1f88c5dca4b727d4ed69583	1.0	1.0	1.0	1.0	1.0	12.0	12.0	12.0	12.0	12.0	1.0	1.0	1.0	1.0	1.0	55.0	55.0	55.0	55.0	55.0	13.0	13.0	13.0	13.0	13.0	1.0	10.5	36.0	45.5	201.0	6.0	10.0	14.0	34.0	54.0	1.0	6.0	11.0	16.0	21.0
05817147c54140205f42530af3f6ca9b	1.0	1.0	1.0	1.0	1.0	26.0	26.0	26.0	26.0	26.0	1.0	1.0	1.0	1.0	1.0	1.0	1.0	1.0	1.0	1.0	1.0	1.0	1.0	1.0	1.0	1.0	1.0	1.0	1.0	1.0	1.0	1.0	1.0	1.0	1.0	1.0	1.0	1.0	1.0	1.0
54743d8c9db6b224af9968de03fb7fdd	1.0	1.0	1.0	1.0	1.0	1.0	1.0	1.0	1.0	1.0	1.0	1.0	1.0	1.0	1.0	1.0	1.0	1.0	1.0	1.0	1.0	1.0	1.0	1.0	1.0	1.0	1.0	1.0	1.0	52.0	1.0	1.0	1.0	1.0	1.0	1.0	1.0	1.0	1.0	1.0
ff0d70ce9906a2477ffdcce534052eef	1.0	1.0	1.0	1.0	1.0	1.0	1.0	1.0	1.0	1.0	1.0	1.0	1.0	1.0	1.0	1.0	1.0	1.0	1.0	1.0	1.0	1.0	1.0	1.0	1.0	1.0	1.0	1.0	1.0	7.0	1.0	1.0	1.0	1.0	1.0	1.0	1.0	1.0	1.0	1.0
1fe90f12ccd8ef2ee74624721b8ed7f3	1.0	1.0	1.0	1.0	1.0	1.0	1.0	1.0	1.0	1.0	1.0	1.0	1.0	1.0	1.0	55.0	55.0	55.0	55.0	55.0	1.0	1.0	1.0	1.0	1.0	1.0	1.0	1.0	1.0	89.0	1.0	1.0	1.0	1.0	1.0	1.0	1.0	1.0	1.0	1.0
93c368bba40f1731dc57c15fa822c3c6	1.0	1.0	1.0	1.0	1.0	1.0	1.0	1.0	1.0	1.0	1.0	1.0	1.0	1.0	1.0	1.0	1.0	1.0	1.0	1.0	1.0	1.0	1.0	1.0	1.0	1.0	1.0	1.0	1.0	11.0	1.0	1.0	1.0	1.0	1.0	1.0	1.0	1.0	1.0	1.0
fd73b759e228b1cd27923683bb870c1d	1.0	1.0	1.0	1.0	1.0	1.0	1.0	1.0	1.0	1.0	1.0	1.0	1.0	1.0	1.0	1.0	1.0	1.0	1.0	1.0	1.0	1.0	1.0	1.0	1.0	1.0	1.0	1.0	1.0	42.0	1.0	1.0	1.0	1.0	1.0	1.0	1.0	1.0	1.0	1.0
647436f1e43fa3733a02174ab792f2be	1.0	1.0	1.0	1.0	1.0	1.0	1.0	1.0	1.0	1.0	1.0	1.0	1.0	1.0	1.0	1.0	1.0	1.0	1.0	1.0	1.0	1.0	1.0	1.0	1.0	1.0	1.0	1.0	1.0	1.0	1.0	1.0	1.0	22.0	43.0	1.0	1.0	1.0	1.0	1.0
70698ff09194e5c5313a2409396c3eca	113.0	113.0	113.0	113.0	113.0	1.0	1.0	1.0	1.0	1.0	1.0	1.0	1.0	1.0	1.0	1.0	1.0	1.0	1.0	1.0	1.0	1.0	1.0	1.0	1.0	1.0	1.0	1.0	1.0	1.0	1.0	1.0	1.0	1.0	1.0	1.0	1.0	1.0	1.0	1.0
27d12a7f808e81c066852ce5a0f0509a	1.0	1.0	1.0	1.0	1.0	1.0	1.0	1.0	1.0	1.0	1.0	1.0	1.0	1.0	1.0	1.0	1.0	1.0	1.0	1.0	1.0	1.0	1.0	1.0	1.0	1.0	1.0	1.0	1.0	1.0	1.0	1.0	1.0	4.5	8.0	1.0	1.0	1.0	1.0	1.0
b22416e305702b1ac4e6353a2c4f5361	1.0	1.0	1.0	1.0	1.0	1.0	1.0	1.0	1.0	1.0	1.0	1.0	1.0	1.0	1.0	1.0	1.0	1.0	1.0	1.0	1.0	1.0	1.0	1.0	1.0	1.0	1.0	1.0	33.0	71.0	1.0	1.0	1.0	1.0	1.0	1.0	7.0	13.0	19.0	25.0
13e0f1273c4cb107febc04a0d663bbf8	1.0	1.0	1.0	1.0	1.0	1.0	1.0	1.0	1.0	1.0	1.0	1.0	1.0	1.0	1.0	1.0	1.0	1.0	1.0	1.0	1.0	1.0	1.0	1.0	1.0	1.0	1.0	1.0	1.0	1.0	1.0	11.5	22.0	47.5	73.0	1.0	1.0	1.0	1.0	1.0
a77a8e196236dfb814703b691d491150	1.0	1.0	1.0	1.0	1.0	1.0	1.0	1.0	1.0	1.0	1.0	1.0	1.0	1.0	1.0	1.0	1.0	1.0	1.0	1.0	1.0	1.0	1.0	1.0	1.0	1.0	1.0	1.0	1.0	1.0	1.0	1.0	1.0	1.0	1.0	1.0	8.0	15.0	22.0	29.0
c0e14ba53bb1e2de4162d53df3463520	1.0	1.0	1.0	1.0	1.0	68.0	68.0	68.0	68.0	68.0	1.0	1.0	1.0	1.0	1.0	1.0	1.0	1.0	1.0	1.0	1.0	1.0	1.0	1.0	1.0	1.0	1.0	1.0	1.0	1.0	1.0	6.5	12.0	38.5	65.0	1.0	1.0	1.0	1.0	1.0
51b542f8f375f67f1df129c76e7bb050	1.0	1.0	1.0	1.0	1.0	1.0	1.0	1.0	1.0	1.0	1.0	1.0	1.0	1.0	1.0	1.0	1.0	1.0	1.0	1.0	1.0	1.0	1.0	1.0	1.0	1.0	1.0	1.0	1.0	1.0	1.0	1.0	1.0	95.0	189.0	1.0	1.0	1.0	1.0	1.0
a29b3e561650b9bbf5a991fc24b5e093	1.0	1.0	1.0	1.0	1.0	1.0	1.0	1.0	1.0	1.0	1.0	1.0	1.0	1.0	1.0	1.0	1.0	1.0	1.0	1.0	46.0	46.0	46.0	46.0	46.0	1.0	1.0	1.0	1.0	1.0	1.0	1.0	1.0	1.0	1.0	1.0	1.0	1.0	1.0	1.0
e8a5b4fb34a800010da0287094c1003d	1.0	1.0	1.0	1.0	1.0	1.0	1.0	1.0	1.0	1.0	1.0	1.0	1.0	1.0	1.0	1.0	1.0	1.0	1.0	1.0	1.0	1.0	1.0	1.0	1.0	1.0	1.0	1.0	1.0	6.0	1.0	1.0	1.0	1.0	1.0	1.0	6.5	12.0	17.5	23.0
8fa59aae67bc125fd1a8d64e5e624fe6	79.0	79.0	79.0	79.0	79.0	1.0	1.0	1.0	1.0	1.0	1.0	1.0	1.0	1.0	1.0	1.0	1.0	1.0	1.0	1.0	1.0	1.0	1.0	1.0	1.0	1.0	1.0	1.0	1.0	1.0	1.0	1.0	1.0	1.0	1.0	1.0	1.0	1.0	1.0	1.0
fe0a39ccc5bcf7395908b6e67ae28f5a	1.0	1.0	1.0	1.0	1.0	1.0	1.0	1.0	1.0	1.0	1.0	1.0	1.0	1.0	1.0	1.0	1.0	1.0	1.0	1.0	42.0	42.0	42.0	42.0	42.0	1.0	1.0	1.0	1.0	1.0	1.0	1.0	1.0	1.0	1.0	1.0	1.0	1.0	1.0	1.0
5ddf2e81220cc4d83c92aaf53427fa73	1.0	1.0	1.0	1.0	1.0	1.0	1.0	1.0	1.0	1.0	1.0	1.0	1.0	1.0	1.0	1.0	1.0	1.0	1.0	1.0	1.0	1.0	1.0	1.0	1.0	1.0	1.0	1.0	1.0	1.0	1.0	1.0	1.0	1.0	1.0	1.0	3.75	6.5	9.25	12.0
19df8e1e0f8fe07e548fb13c5865cdcd	1.0	1.0	1.0	1.0	1.0	1.0	1.0	1.0	1.0	1.0	1.0	1.0	1.0	1.0	1.0	1.0	1.0	1.0	1.0	1.0	1.0	1.0	1.0	1.0	1.0	1.0	1.0	1.0	1.0	1.0	1.0	1.0	1.0	1.0	1.0	1.0	43.0	85.0	127.0	169.0
ce691db0cce1fd2791d883fae1961e7b	1.0	1.0	1.0	1.0	1.0	1.0	1.0	1.0	1.0	1.0	1.0	1.0	1.0	1.0	1.0	1.0	1.0	1.0	1.0	1.0	63.0	63.0	63.0	63.0	63.0	1.0	1.0	1.0	1.0	1.0	1.0	1.0	1.0	1.0	1.0	1.0	1.0	1.0	1.0	1.0
7f5382019a2d8c03e1e707cae172192e	1.0	1.0	1.0	1.0	1.0	1.0	1.0	1.0	1.0	1.0	1.0	1.0	1.0	1.0	1.0	1.0	1.0	1.0	1.0	1.0	1.0	1.0	1.0	1.0	1.0	1.0	1.0	1.0	1.0	220.0	1.0	1.0	1.0	1.0	1.0	1.0	1.0	1.0	1.0	1.0
e9d09dfdb2a18820950c1da6f3719cf7	1.0	1.0	1.0	1.0	1.0	1.0	1.0	1.0	1.0	1.0	1.0	1.0	1.0	1.0	1.0	1.0	1.0	1.0	1.0	1.0	44.0	44.0	44.0	44.0	44.0	1.0	1.0	1.0	1.0	1.0	1.0	1.0	1.0	1.0	1.0	1.0	1.0	1.0	1.0	1.0
b96eb085d112443fd57d096762ef9a39	1.0	1.0	1.0	1.0	1.0	1.0	1.0	1.0	1.0	1.0	1.0	1.0	1.0	1.0	1.0	1.0	1.0	1.0	1.0	1.0	1.0	1.0	1.0	1.0	1.0	1.0	1.0	1.0	1.0	51.0	1.0	1.0	1.0	1.0	1.0	1.0	1.0	1.0	1.0	1.0
93012396dead25fd5bace92fd52a6636	1.0	1.0	1.0	1.0	1.0	1.0	1.0	1.0	1.0	1.0	15.0	15.0	15.0	15.0	15.0	1.0	1.0	1.0	1.0	1.0	69.0	69.0	69.0	69.0	69.0	1.0	1.0	1.0	1.0	1.0	1.0	1.0	1.0	7.5	14.0	1.0	1.0	1.0	1.0	1.0
55680983bc574833dd63e9e9fa7c8e4a	1.0	1.0	1.0	1.0	1.0	1.0	1.0	1.0	1.0	1.0	1.0	1.0	1.0	1.0	1.0	1.0	1.0	1.0	1.0	1.0	1.0	1.0	1.0	1.0	1.0	1.0	1.0	1.0	1.0	1.0	1.0	1.0	1.0	5.0	9.0	1.0	1.0	1.0	1.0	1.0
5fc4f053388cf324db8a335da421ecb4	1.0	1.0	1.0	1.0	1.0	1.0	1.0	1.0	1.0	1.0	1.0	1.0	1.0	1.0	1.0	1.0	1.0	1.0	1.0	1.0	1.0	1.0	1.0	1.0	1.0	1.0	1.0	1.0	1.0	60.0	1.0	1.0	1.0	1.0	1.0	1.0	1.0	1.0	1.0	1.0
1574f9ca947cb48cc6db81dce52e6410	1.0	1.0	1.0	1.0	1.0	21.0	21.0	21.0	21.0	21.0	1.0	1.0	1.0	1.0	1.0	1.0	1.0	1.0	1.0	1.0	1.0	1.0	1.0	1.0	1.0	1.0	1.0	1.0	1.0	1.0	1.0	1.0	1.0	1.0	1.0	1.0	1.0	1.0	1.0	1.0
e0e7456bd9af4060683a6fd202b01982	1.0	1.0	1.0	1.0	1.0	1.0	1.0	1.0	1.0	1.0	1.0	1.0	1.0	1.0	1.0	1.0	1.0	1.0	1.0	1.0	1.0	1.0	1.0	1.0	1.0	1.0	1.0	1.0	1.0	17.0	1.0	1.0	1.0	1.0	1.0	1.0	1.0	1.0	1.0	1.0
1defe098a42a444ec8d9915b59ca3505	1.0	1.0	1.0	1.0	1.0	1.0	1.0	1.0	1.0	1.0	91.0	91.0	91.0	91.0	91.0	1.0	1.0	1.0	1.0	1.0	20.0	20.0	20.0	20.0	20.0	1.0	1.0	1.0	1.0	10.0	1.0	1.0	1.0	10.0	19.0	1.0	1.0	1.0	1.0	1.0
346093f96aad1b994f2f950750f4571e	1.0	1.0	1.0	1.0	1.0	1.0	1.0	1.0	1.0	1.0	1.0	1.0	1.0	1.0	1.0	1.0	1.0	1.0	1.0	1.0	11.0	11.0	11.0	11.0	11.0	1.0	1.0	1.0	7.0	13.0	1.0	1.0	1.0	1.0	1.0	9.0	15.0	21.0	27.0	33.0
077535df1a73af4966948d25c25c678d	1.0	1.0	1.0	1.0	1.0	48.0	48.0	48.0	48.0	48.0	1.0	1.0	1.0	1.0	1.0	1.0	1.0	1.0	1.0	1.0	1.0	1.0	1.0	1.0	1.0	1.0	1.0	1.0	1.0	1.0	1.0	1.0	1.0	20.0	39.0	1.0	1.0	1.0	1.0	1.0
13bf02ff6a1641b90666e9f8b62c982d	1.0	1.0	1.0	1.0	1.0	1.0	1.0	1.0	1.0	1.0	1.0	1.0	1.0	1.0	1.0	1.0	1.0	1.0	1.0	1.0	1.0	1.0	1.0	1.0	1.0	1.0	1.0	1.0	1.0	1.0	1.0	1.0	1.0	1.0	1.0	1.0	7.0	13.0	19.0	25.0
b9dcdd7f773fe1d3a918298f99a961e1	750.0	750.0	750.0	750.0	750.0	1.0	1.0	1.0	1.0	1.0	1.0	1.0	1.0	1.0	1.0	1.0	1.0	1.0	1.0	1.0	1.0	1.0	1.0	1.0	1.0	1.0	1.0	1.0	151.0	3114.0	1.0	1.0	1.0	1.0	1.0	1.0	941.25	1881.5	2821.75	3762.0
663036b5dabaaa7317249c3c501b7688	1.0	1.0	1.0	1.0	1.0	1.0	1.0	1.0	1.0	1.0	1.0	1.0	1.0	1.0	1.0	1.0	1.0	1.0	1.0	1.0	1.0	1.0	1.0	1.0	1.0	1.0	1.0	1.0	1.0	35.0	1.0	1.0	1.0	1.0	1.0	1.0	1.0	1.0	1.0	1.0
2a059c05f7edd51d846a254d2c24e232	1.0	1.0	1.0	1.0	1.0	1.0	1.0	1.0	1.0	1.0	1.0	1.0	1.0	1.0	1.0	1.0	1.0	1.0	1.0	1.0	15.0	15.0	15.0	15.0	15.0	1.0	1.0	1.0	1.0	1.0	1.0	1.0	1.0	1.0	1.0	1.0	1.0	1.0	1.0	1.0
92a5ae2ee46dd3807635aaa29bbceb35	1.0	1.0	1.0	1.0	1.0	1.0	1.0	1.0	1.0	1.0	1.0	1.0	1.0	1.0	1.0	1.0	1.0	1.0	1.0	1.0	1.0	1.0	1.0	1.0	1.0	1.0	1.0	1.0	1.0	16.0	1.0	1.0	1.0	18.0	35.0	1.0	11.5	22.0	32.5	43.0
eabe3dee9102aaa871386c193b1d11ab	1.0	1.0	1.0	1.0	1.0	1.0	1.0	1.0	1.0	1.0	1.0	1.0	1.0	1.0	1.0	1.0	1.0	1.0	1.0	1.0	282.0	282.0	282.0	282.0	282.0	1.0	1.0	1.0	1.0	1.0	1.0	1.0	1.0	6.5	12.0	1.0	3.0	5.0	7.0	9.0
c25199ac345e5d7e739ce3c21310dde7	1.0	1.0	1.0	1.0	1.0	1.0	1.0	1.0	1.0	1.0	1.0	1.0	1.0	1.0	1.0	1.0	1.0	1.0	1.0	1.0	1.0	1.0	1.0	1.0	1.0	1.0	1.0	1.0	1.0	7.0	1.0	1.0	1.0	1.0	1.0	1.0	1.0	1.0	1.0	1.0
02af364d2033f946d883ed5b10a41df8	1.0	1.0	1.0	1.0	1.0	1.0	1.0	1.0	1.0	1.0	1.0	1.0	1.0	1.0	1.0	1.0	1.0	1.0	1.0	1.0	1.0	1.0	1.0	1.0	1.0	1.0	1.0	1.0	1.0	70.0	1.0	1.0	1.0	1.0	1.0	1.0	1.0	1.0	1.0	1.0
3754f5c856fca1ed455f1cd044bef315	1.0	1.0	1.0	1.0	1.0	1.0	1.0	1.0	1.0	1.0	1.0	1.0	1.0	1.0	1.0	1.0	1.0	1.0	1.0	1.0	1.0	1.0	1.0	1.0	1.0	1.0	1.0	1.0	1.0	5.0	1.0	1.0	1.0	1.0	1.0	1.0	1.0	1.0	1.0	1.0
ca68c4e2dc5e24d7a02c546546e8adce	1.0	1.0	1.0	1.0	1.0	1.0	1.0	1.0	1.0	1.0	1.0	1.0	1.0	1.0	1.0	1.0	1.0	1.0	1.0	1.0	1.0	1.0	1.0	1.0	1.0	1.0	1.0	1.0	1.0	1.0	1.0	1.0	1.0	6.5	12.0	1.0	1.0	1.0	1.0	1.0
0d73f639ae0723b52d5a086adeb49990	1.0	1.0	1.0	1.0	1.0	1.0	1.0	1.0	1.0	1.0	1.0	1.0	1.0	1.0	1.0	1.0	1.0	1.0	1.0	1.0	1.0	1.0	1.0	1.0	1.0	1.0	1.0	1.0	1.0	11.0	1.0	1.0	1.0	1.0	1.0	1.0	1.0	1.0	1.0	1.0
1e214dcf7f27e1ec6dee95398e20715d	83.0	83.0	83.0	83.0	83.0	70.0	70.0	70.0	70.0	70.0	1.0	1.0	1.0	1.0	1.0	29.0	29.0	29.0	29.0	29.0	37.0	37.0	37.0	37.0	37.0	1.0	13.5	29.0	56.0	7450.0	17.0	20.5	24.0	30.0	36.0	29.0	140.0	251.0	362.0	473.0
f9fa0f7e75acdee38686c2065d11bc0f	1.0	1.0	1.0	1.0	1.0	1.0	1.0	1.0	1.0	1.0	1.0	1.0	1.0	1.0	1.0	1.0	1.0	1.0	1.0	1.0	1.0	1.0	1.0	1.0	1.0	1.0	1.0	1.0	1.0	848.0	1.0	1.0	1.0	1.0	1.0	1.0	1.0	1.0	1.0	1.0
bba29f5787d30ce822a9122de54955f2	1.0	1.0	1.0	1.0	1.0	1.0	1.0	1.0	1.0	1.0	1.0	1.0	1.0	1.0	1.0	1.0	1.0	1.0	1.0	1.0	1.0	1.0	1.0	1.0	1.0	1.0	1.0	1.0	1.0	1.0	1.0	1.0	1.0	1.0	1.0	1.0	7.75	14.5	21.25	28.0
04fb767efaeddfee9c1dfa6c18053ebc	84.0	84.0	84.0	84.0	84.0	74.0	74.0	74.0	74.0	74.0	1.0	1.0	1.0	1.0	1.0	20.0	20.0	20.0	20.0	20.0	1.0	1.0	1.0	1.0	1.0	1.0	1.0	1.0	1.0	45.0	1.0	1.0	1.0	15.5	30.0	1.0	5.25	9.5	13.75	18.0
d202c27c9dccfbfd0599f0230e867770	1.0	1.0	1.0	1.0	1.0	1.0	1.0	1.0	1.0	1.0	1.0	1.0	1.0	1.0	1.0	1.0	1.0	1.0	1.0	1.0	1.0	1.0	1.0	1.0	1.0	1.0	1.0	1.0	1.0	1.0	1.0	1.0	1.0	52.5	104.0	1.0	1.0	1.0	1.0	1.0
ff36ce8bfa400de1e0c58fef8e0bb154	1.0	1.0	1.0	1.0	1.0	1.0	1.0	1.0	1.0	1.0	1.0	1.0	1.0	1.0	1.0	1.0	1.0	1.0	1.0	1.0	1.0	1.0	1.0	1.0	1.0	1.0	1.0	1.0	1.0	32.0	1.0	1.0	1.0	1.0	1.0	1.0	1.0	1.0	1.0	1.0
d1d41c653cf0a4545e378beb962a1ff8	1.0	1.0	1.0	1.0	1.0	1.0	1.0	1.0	1.0	1.0	1.0	1.0	1.0	1.0	1.0	428.0	428.0	428.0	428.0	428.0	971.0	971.0	971.0	971.0	971.0	1.0	1.0	1.0	246.5	512.0	1.0	1.0	1.0	1.0	1.0	1.0	8.5	16.0	23.5	31.0
f38e55bd811ff940bac7d56cedbdf116	1.0	1.0	1.0	1.0	1.0	1.0	1.0	1.0	1.0	1.0	1.0	1.0	1.0	1.0	1.0	1.0	1.0	1.0	1.0	1.0	97.0	97.0	97.0	97.0	97.0	1.0	1.0	1.0	1.0	1.0	1.0	1.0	1.0	1.0	1.0	1.0	1.0	1.0	1.0	1.0
faaf1b571a16ce4b56b95379785aa97f	1.0	1.0	1.0	1.0	1.0	1.0	1.0	1.0	1.0	1.0	1.0	1.0	1.0	1.0	1.0	1.0	1.0	1.0	1.0	1.0	1.0	1.0	1.0	1.0	1.0	1.0	1.0	1.0	1.0	1.0	1.0	1.0	1.0	6.0	11.0	1.0	1.0	1.0	1.0	1.0
4d4ed0642d6f7fe59d89bdbf3ba0aa0e	1.0	1.0	1.0	1.0	1.0	1.0	1.0	1.0	1.0	1.0	1.0	1.0	1.0	1.0	1.0	1.0	1.0	1.0	1.0	1.0	1.0	1.0	1.0	1.0	1.0	1.0	1.0	1.0	1.0	1.0	1.0	1.0	1.0	1.0	1.0	1.0	7.25	13.5	19.75	26.0
9b4f4a1d0e2c9523b9c962e91dcfae69	1.0	1.0	1.0	1.0	1.0	1.0	1.0	1.0	1.0	1.0	1.0	1.0	1.0	1.0	1.0	1.0	1.0	1.0	1.0	1.0	1.0	1.0	1.0	1.0	1.0	1.0	1.0	1.0	1.0	1.0	1.0	1.0	1.0	1.0	1.0	1.0	5.25	9.5	13.75	18.0
d2e6ccc2d8a1ce9ac55be8256be3551e	1.0	1.0	1.0	1.0	1.0	1.0	1.0	1.0	1.0	1.0	1.0	1.0	1.0	1.0	1.0	1.0	1.0	1.0	1.0	1.0	1.0	1.0	1.0	1.0	1.0	1.0	1.0	1.0	1.0	17.0	1.0	1.0	1.0	1.0	1.0	1.0	1.0	1.0	1.0	1.0
8e5fa81904ed85c692d76c2dd52a522c	1.0	1.0	1.0	1.0	1.0	1.0	1.0	1.0	1.0	1.0	1.0	1.0	1.0	1.0	1.0	1.0	1.0	1.0	1.0	1.0	1.0	1.0	1.0	1.0	1.0	1.0	1.0	1.0	7.5	15.0	1.0	1.0	1.0	1.0	1.0	1.0	1.0	1.0	1.0	1.0
893a2c472bcaaa5cc82ec480ffe57c29	1.0	1.0	1.0	1.0	1.0	1.0	1.0	1.0	1.0	1.0	1.0	1.0	1.0	1.0	1.0	1.0	1.0	1.0	1.0	1.0	79.0	79.0	79.0	79.0	79.0	1.0	1.0	1.0	1.0	1.0	1.0	1.0	1.0	1.0	1.0	1.0	1.0	1.0	1.0	1.0
c9d60b7ceeebed1dd4bb469e492621ca	1.0	1.0	1.0	1.0	1.0	1.0	1.0	1.0	1.0	1.0	1.0	1.0	1.0	1.0	1.0	1.0	1.0	1.0	1.0	1.0	218.0	218.0	218.0	218.0	218.0	1.0	1.0	1.0	1.0	1.0	1.0	1.0	1.0	1.0	1.0	1.0	1.0	1.0	1.0	1.0
d3ef6d7c1a7731dd6875aa5d9fc424df	1.0	1.0	1.0	1.0	1.0	1.0	1.0	1.0	1.0	1.0	1.0	1.0	1.0	1.0	1.0	1.0	1.0	1.0	1.0	1.0	1.0	1.0	1.0	1.0	1.0	1.0	1.0	1.0	1.0	1.0	1.0	1.0	1.0	1.0	1.0	1.0	3.75	6.5	9.25	12.0
4d66cb13d80bed71260950eabc10e725	298.0	298.0	298.0	298.0	298.0	1.0	1.0	1.0	1.0	1.0	1.0	1.0	1.0	1.0	1.0	1.0	1.0	1.0	1.0	1.0	1.0	1.0	1.0	1.0	1.0	1.0	1.0	1.0	1.0	5.0	1.0	1.0	1.0	1.0	1.0	1.0	38.75	76.5	114.25	152.0
cdcd6a3cc01b700926202aacb63d28d5	1.0	1.0	1.0	1.0	1.0	1.0	1.0	1.0	1.0	1.0	1.0	1.0	1.0	1.0	1.0	1.0	1.0	1.0	1.0	1.0	1.0	1.0	1.0	1.0	1.0	1.0	1.0	1.0	1.0	1.0	1.0	1.0	1.0	1.0	1.0	1.0	8.75	16.5	24.25	32.0
eff589a164ef53d3a696d81bee6ebde9	17.0	17.0	17.0	17.0	17.0	1.0	1.0	1.0	1.0	1.0	1.0	1.0	1.0	1.0	1.0	1.0	1.0	1.0	1.0	1.0	1.0	1.0	1.0	1.0	1.0	1.0	1.0	1.0	1.0	1.0	1.0	1.0	1.0	1.0	1.0	1.0	1.0	1.0	1.0	1.0
74a605a7879703c4bfa39fa09177565c	366.0	366.0	366.0	366.0	366.0	1.0	1.0	1.0	1.0	1.0	1.0	1.0	1.0	1.0	1.0	1.0	1.0	1.0	1.0	1.0	1.0	1.0	1.0	1.0	1.0	1.0	1.0	1.0	1.0	1.0	1.0	1.0	1.0	1.0	1.0	1.0	1.0	1.0	1.0	1.0
caaa9b9cf345eaecae78a8f37e2aa309	1.0	1.0	1.0	1.0	1.0	1.0	1.0	1.0	1.0	1.0	1.0	1.0	1.0	1.0	1.0	1.0	1.0	1.0	1.0	1.0	1.0	1.0	1.0	1.0	1.0	1.0	1.0	1.0	109.5	429.0	1.0	1.0	1.0	1.0	1.0	1.0	25.0	49.0	73.0	97.0
64e8bd04c4b6d40e6672434f432d23cd	31.0	31.0	31.0	31.0	31.0	1.0	1.0	1.0	1.0	1.0	1.0	1.0	1.0	1.0	1.0	1.0	1.0	1.0	1.0	1.0	1.0	1.0	1.0	1.0	1.0	1.0	1.0	1.0	1.0	1.0	1.0	1.0	1.0	1.0	1.0	1.0	1.0	1.0	1.0	1.0
5e88c41e37e01adfffd62d1fb408aee9	1.0	1.0	1.0	1.0	1.0	1.0	1.0	1.0	1.0	1.0	1.0	1.0	1.0	1.0	1.0	57.0	57.0	57.0	57.0	57.0	1.0	1.0	1.0	1.0	1.0	1.0	1.0	1.0	1.0	1.0	1.0	1.0	1.0	1.0	1.0	1.0	1.0	1.0	1.0	1.0
4b1ff920b338e104898ed57c376536e3	128.0	128.0	128.0	128.0	128.0	1.0	1.0	1.0	1.0	1.0	1.0	1.0	1.0	1.0	1.0	41.0	41.0	41.0	41.0	41.0	1.0	1.0	1.0	1.0	1.0	1.0	1.0	1.0	1.0	1.0	1.0	1.0	1.0	15.0	29.0	1.0	1.0	1.0	1.0	1.0
e4e4fcb9347e59a7932521c6296f5cc7	1.0	1.0	1.0	1.0	1.0	1.0	1.0	1.0	1.0	1.0	1.0	1.0	1.0	1.0	1.0	1.0	1.0	1.0	1.0	1.0	1.0	1.0	1.0	1.0	1.0	1.0	1.0	1.0	1.0	1.0	1.0	1.0	1.0	1.0	1.0	1.0	4.0	7.0	10.0	13.0
44c14c39c9812f19eeb03e14dc31f022	1.0	1.0	1.0	1.0	1.0	1.0	1.0	1.0	1.0	1.0	1.0	1.0	1.0	1.0	1.0	29.0	29.0	29.0	29.0	29.0	1.0	1.0	1.0	1.0	1.0	1.0	1.0	1.0	1.0	22.0	1.0	1.0	1.0	1.0	1.0	1.0	1.0	1.0	1.0	1.0
ae678a194a3d2f410710e3ef2eed3658	1.0	1.0	1.0	1.0	1.0	1.0	1.0	1.0	1.0	1.0	1.0	1.0	1.0	1.0	1.0	1.0	1.0	1.0	1.0	1.0	20.0	20.0	20.0	20.0	20.0	1.0	1.0	1.0	1.0	1.0	1.0	1.0	1.0	1.0	1.0	1.0	1.0	1.0	1.0	1.0
6cea3d8d1738bc364cb4f59a77074f56	1.0	1.0	1.0	1.0	1.0	1.0	1.0	1.0	1.0	1.0	1.0	1.0	1.0	1.0	1.0	1.0	1.0	1.0	1.0	1.0	1.0	1.0	1.0	1.0	1.0	1.0	1.0	1.0	1.0	1.0	1.0	1.0	1.0	8.0	15.0	1.0	1.0	1.0	1.0	1.0
9c928f3a777146f9e7981b5ca10612f7	1.0	1.0	1.0	1.0	1.0	1.0	1.0	1.0	1.0	1.0	1.0	1.0	1.0	1.0	1.0	1.0	1.0	1.0	1.0	1.0	1.0	1.0	1.0	1.0	1.0	1.0	1.0	1.0	1.0	1.0	1.0	1.0	1.0	12.5	24.0	1.0	1.0	1.0	1.0	1.0
7607de9558070b799d0f7201468fe4ba	1.0	1.0	1.0	1.0	1.0	1.0	1.0	1.0	1.0	1.0	1.0	1.0	1.0	1.0	1.0	1.0	1.0	1.0	1.0	1.0	1.0	1.0	1.0	1.0	1.0	1.0	1.0	1.0	1.0	31.0	1.0	1.0	1.0	1.0	1.0	1.0	1.0	1.0	1.0	1.0
157c9ffd55e34752535eeda8cd9e4cbb	1.0	1.0	1.0	1.0	1.0	2300.0	2300.0	2300.0	2300.0	2300.0	1.0	1.0	1.0	1.0	1.0	1.0	1.0	1.0	1.0	1.0	1.0	1.0	1.0	1.0	1.0	1.0	1.0	1.0	1.0	1.0	1.0	1.0	1.0	1395.0	2789.0	1.0	51.5	102.0	152.5	203.0
279b9c0b724fc606ff08d8919f3cd9dc	1.0	1.0	1.0	1.0	1.0	1.0	1.0	1.0	1.0	1.0	1.0	1.0	1.0	1.0	1.0	1.0	1.0	1.0	1.0	1.0	16.0	16.0	16.0	16.0	16.0	1.0	1.0	1.0	1.0	1.0	1.0	1.0	1.0	1.0	1.0	1.0	1.0	1.0	1.0	1.0
8da0665a852a1bd4606157df157a36cb	1.0	1.0	1.0	1.0	1.0	1.0	1.0	1.0	1.0	1.0	1.0	1.0	1.0	1.0	1.0	1.0	1.0	1.0	1.0	1.0	1.0	1.0	1.0	1.0	1.0	1.0	1.0	1.0	1.0	1.0	1.0	1.0	1.0	36.0	71.0	1.0	1.0	1.0	1.0	1.0
90fe2e9037b139e5cda8ca8b5a4e46b8	1.0	1.0	1.0	1.0	1.0	1.0	1.0	1.0	1.0	1.0	1.0	1.0	1.0	1.0	1.0	1.0	1.0	1.0	1.0	1.0	1.0	1.0	1.0	1.0	1.0	1.0	1.0	1.0	1.0	1.0	1.0	1.0	1.0	7.5	14.0	1.0	1.0	1.0	1.0	1.0
f292b1f49f296a3d593502fc5809fe0e	1.0	1.0	1.0	1.0	1.0	3.0	3.0	3.0	3.0	3.0	1.0	1.0	1.0	1.0	1.0	1.0	1.0	1.0	1.0	1.0	1.0	1.0	1.0	1.0	1.0	1.0	1.0	1.0	1.0	1.0	1.0	1.0	1.0	1.0	1.0	1.0	1.0	1.0	1.0	1.0
0811ab143de2d47c4caf373d466a1a08	1.0	1.0	1.0	1.0	1.0	16.0	16.0	16.0	16.0	16.0	1.0	1.0	1.0	1.0	1.0	1.0	1.0	1.0	1.0	1.0	1.0	1.0	1.0	1.0	1.0	1.0	1.0	1.0	1.0	1.0	1.0	1.0	1.0	1.0	1.0	1.0	1.0	1.0	1.0	1.0
8565c94cae01e4366a060ec25b643934	422.0	422.0	422.0	422.0	422.0	12062.0	12062.0	12062.0	12062.0	12062.0	32.0	32.0	32.0	32.0	32.0	19803.0	19803.0	19803.0	19803.0	19803.0	3966.0	3966.0	3966.0	3966.0	3966.0	354.0	2286.0	2542.0	8007.0	41043.0	2732.0	5424.5	8117.0	11883.5	15650.0	167.0	718.5	1270.0	1821.5	2373.0
fa685562b9c46ed04f528d104579a55f	1.0	1.0	1.0	1.0	1.0	1.0	1.0	1.0	1.0	1.0	1.0	1.0	1.0	1.0	1.0	1.0	1.0	1.0	1.0	1.0	1.0	1.0	1.0	1.0	1.0	1.0	1.0	1.0	1.0	55.0	1.0	1.0	1.0	1.0	1.0	1.0	1.0	1.0	1.0	1.0
7ca0f90a50d23b8a29db61e3a8100611	1.0	1.0	1.0	1.0	1.0	1.0	1.0	1.0	1.0	1.0	1.0	1.0	1.0	1.0	1.0	1.0	1.0	1.0	1.0	1.0	1.0	1.0	1.0	1.0	1.0	1.0	1.0	1.0	1.0	135.0	1.0	1.0	1.0	1.0	1.0	1.0	1.0	1.0	1.0	1.0
769db7ed59da2849ea469d0dd5711824	1.0	1.0	1.0	1.0	1.0	1.0	1.0	1.0	1.0	1.0	1.0	1.0	1.0	1.0	1.0	1.0	1.0	1.0	1.0	1.0	1.0	1.0	1.0	1.0	1.0	1.0	1.0	1.0	1.0	1.0	1.0	1.0	1.0	24.0	47.0	1.0	1.0	1.0	1.0	1.0
323a48b5cf9d495663dd68ede2ef335d	1.0	1.0	1.0	1.0	1.0	1.0	1.0	1.0	1.0	1.0	1.0	1.0	1.0	1.0	1.0	1.0	1.0	1.0	1.0	1.0	1.0	1.0	1.0	1.0	1.0	1.0	1.0	1.0	1.0	46.0	1.0	1.0	1.0	1.0	1.0	1.0	1.0	1.0	1.0	1.0
5bde5ba2b3daa305a5c6fca294b57832	1.0	1.0	1.0	1.0	1.0	22.0	22.0	22.0	22.0	22.0	1.0	1.0	1.0	1.0	1.0	1.0	1.0	1.0	1.0	1.0	1.0	1.0	1.0	1.0	1.0	1.0	1.0	1.0	1.0	1.0	1.0	1.0	1.0	2.0	3.0	1.0	1.0	1.0	1.0	1.0
6f248e9c6383467d46dbc0b381705d5b	1.0	1.0	1.0	1.0	1.0	1.0	1.0	1.0	1.0	1.0	1.0	1.0	1.0	1.0	1.0	4329.0	4329.0	4329.0	4329.0	4329.0	1524.0	1524.0	1524.0	1524.0	1524.0	1.0	1.0	204.0	644.5	1443.0	1.0	1.0	1.0	1.0	1.0	1.0	120.75	240.5	360.25	480.0
d2a3bc7a3ad146a7ebfb51b711e28266	1.0	1.0	1.0	1.0	1.0	1.0	1.0	1.0	1.0	1.0	1.0	1.0	1.0	1.0	1.0	55.0	55.0	55.0	55.0	55.0	1.0	1.0	1.0	1.0	1.0	1.0	1.0	1.0	1.0	533.0	1.0	1.0	1.0	1.0	1.0	1.0	1.0	1.0	1.0	1.0
afce08fa4d40eb56127835793b1cbe6d	1.0	1.0	1.0	1.0	1.0	1.0	1.0	1.0	1.0	1.0	1.0	1.0	1.0	1.0	1.0	1.0	1.0	1.0	1.0	1.0	181.0	181.0	181.0	181.0	181.0	1.0	1.0	1.0	1.0	1.0	1.0	1.0	1.0	1.0	1.0	1.0	1.0	1.0	1.0	1.0
d359831ffa595f0647ffaef83a9dffd6	1.0	1.0	1.0	1.0	1.0	1.0	1.0	1.0	1.0	1.0	1.0	1.0	1.0	1.0	1.0	1.0	1.0	1.0	1.0	1.0	1.0	1.0	1.0	1.0	1.0	1.0	1.0	1.0	1.0	1.0	1.0	1.0	1.0	1.0	1.0	1.0	19.25	37.5	55.75	74.0
39c2f2148a4c8ad1369479c7a3dd713f	1.0	1.0	1.0	1.0	1.0	1.0	1.0	1.0	1.0	1.0	1.0	1.0	1.0	1.0	1.0	1.0	1.0	1.0	1.0	1.0	501.0	501.0	501.0	501.0	501.0	1.0	1.0	1.0	1.0	1.0	1.0	1.0	1.0	1.0	1.0	1.0	1.0	1.0	1.0	1.0
2bec6ecb2df355af9a90b53103eebe2b	1.0	1.0	1.0	1.0	1.0	1.0	1.0	1.0	1.0	1.0	1.0	1.0	1.0	1.0	1.0	1.0	1.0	1.0	1.0	1.0	169.0	169.0	169.0	169.0	169.0	1.0	1.0	1.0	1.0	1.0	1.0	1.0	1.0	1.0	1.0	1.0	1.0	1.0	1.0	1.0
8f7c12c8f5c1fb33dc6b74d8afbe86c8	1.0	1.0	1.0	1.0	1.0	1.0	1.0	1.0	1.0	1.0	1.0	1.0	1.0	1.0	1.0	1.0	1.0	1.0	1.0	1.0	102.0	102.0	102.0	102.0	102.0	1.0	1.0	17.0	29.0	52.0	1.0	1.0	1.0	24.5	48.0	1.0	1.0	1.0	1.0	1.0
310fd504587427d630405716de6cfe65	1.0	1.0	1.0	1.0	1.0	1.0	1.0	1.0	1.0	1.0	18.0	18.0	18.0	18.0	18.0	1.0	1.0	1.0	1.0	1.0	1.0	1.0	1.0	1.0	1.0	1.0	1.0	1.0	1.0	7.0	1.0	1.0	1.0	32.0	63.0	1.0	1.0	1.0	1.0	1.0
ee66e6a57cc03213b58b52235ad2d083	77.0	77.0	77.0	77.0	77.0	56.0	56.0	56.0	56.0	56.0	1.0	1.0	1.0	1.0	1.0	1.0	1.0	1.0	1.0	1.0	31.0	31.0	31.0	31.0	31.0	1.0	1.0	24.0	29.5	42.0	1.0	1.0	1.0	1.0	1.0	1.0	1.0	1.0	1.0	1.0
018cc65930f9a2c33bda13b779de61c8	1.0	1.0	1.0	1.0	1.0	1.0	1.0	1.0	1.0	1.0	1.0	1.0	1.0	1.0	1.0	1.0	1.0	1.0	1.0	1.0	1.0	1.0	1.0	1.0	1.0	1.0	1.0	1.0	1.0	66.0	1.0	1.0	1.0	1.0	1.0	1.0	9.0	17.0	25.0	33.0
c6fbf4f1d60ce964103f8db222801691	1.0	1.0	1.0	1.0	1.0	1.0	1.0	1.0	1.0	1.0	1.0	1.0	1.0	1.0	1.0	41.0	41.0	41.0	41.0	41.0	1.0	1.0	1.0	1.0	1.0	1.0	1.0	1.0	1.0	1.0	1.0	1.0	1.0	1.0	1.0	1.0	5.5	10.0	14.5	19.0
4f9683d3d03ccf629460ac2eb2efc702	14.0	14.0	14.0	14.0	14.0	1.0	1.0	1.0	1.0	1.0	1.0	1.0	1.0	1.0	1.0	1.0	1.0	1.0	1.0	1.0	1.0	1.0	1.0	1.0	1.0	1.0	1.0	1.0	1.0	1.0	1.0	1.0	1.0	1.0	1.0	1.0	1.0	1.0	1.0	1.0
ef867a56695f8f40df07bb96222421f6	1.0	1.0	1.0	1.0	1.0	1.0	1.0	1.0	1.0	1.0	1.0	1.0	1.0	1.0	1.0	15.0	15.0	15.0	15.0	15.0	1.0	1.0	1.0	1.0	1.0	1.0	1.0	1.0	1.0	34.0	1.0	1.0	1.0	1.0	1.0	1.0	1.0	1.0	1.0	1.0
27f132c6aa1c489d72a260794544a72e	1.0	1.0	1.0	1.0	1.0	1.0	1.0	1.0	1.0	1.0	1.0	1.0	1.0	1.0	1.0	1.0	1.0	1.0	1.0	1.0	163.0	163.0	163.0	163.0	163.0	1.0	1.0	1.0	1.0	1.0	1.0	1.0	1.0	1.0	1.0	1.0	1.0	1.0	1.0	1.0
bf3f2b2afd33bbb2e3d9ef06f37730af	1.0	1.0	1.0	1.0	1.0	1.0	1.0	1.0	1.0	1.0	1.0	1.0	1.0	1.0	1.0	1.0	1.0	1.0	1.0	1.0	1.0	1.0	1.0	1.0	1.0	1.0	1.0	1.0	1.0	9.0	1.0	1.0	1.0	1.0	1.0	1.0	1.0	1.0	1.0	1.0
0b7e05ef3a66d7b03d59be872668400e	1.0	1.0	1.0	1.0	1.0	1.0	1.0	1.0	1.0	1.0	1.0	1.0	1.0	1.0	1.0	1.0	1.0	1.0	1.0	1.0	1.0	1.0	1.0	1.0	1.0	1.0	1.0	1.0	1.0	1.0	1.0	1.0	1.0	1.0	1.0	1.0	16.0	31.0	46.0	61.0
5cd22b53ee87ba6b4ccc3a930ac6553e	1.0	1.0	1.0	1.0	1.0	1.0	1.0	1.0	1.0	1.0	1.0	1.0	1.0	1.0	1.0	1.0	1.0	1.0	1.0	1.0	1.0	1.0	1.0	1.0	1.0	1.0	1.0	1.0	1.0	78.0	1.0	1.0	1.0	1.0	1.0	1.0	219.25	437.5	655.75	874.0
8f62bf6d12fc30bda38b85ee0584e047	1.0	1.0	1.0	1.0	1.0	1.0	1.0	1.0	1.0	1.0	1.0	1.0	1.0	1.0	1.0	1.0	1.0	1.0	1.0	1.0	1.0	1.0	1.0	1.0	1.0	1.0	1.0	1.0	1.0	15.0	1.0	1.0	1.0	1.0	1.0	1.0	1.0	1.0	1.0	1.0
429f3f8cd73dfbb0d5c32c3c3800ddec	1.0	1.0	1.0	1.0	1.0	1.0	1.0	1.0	1.0	1.0	1.0	1.0	1.0	1.0	1.0	94.0	94.0	94.0	94.0	94.0	1.0	1.0	1.0	1.0	1.0	1.0	1.0	1.0	1.0	1.0	1.0	1.0	1.0	1.0	1.0	1.0	1.0	1.0	1.0	1.0
c641755b1c15f7881aa17aa6ffc56b1d	1.0	1.0	1.0	1.0	1.0	9.0	9.0	9.0	9.0	9.0	1.0	1.0	1.0	1.0	1.0	1.0	1.0	1.0	1.0	1.0	1.0	1.0	1.0	1.0	1.0	1.0	1.0	1.0	1.0	1.0	1.0	1.0	1.0	1.0	1.0	1.0	1.0	1.0	1.0	1.0
d50915b00bdee3923417ebc8d6ed53d4	19.0	19.0	19.0	19.0	19.0	1.0	1.0	1.0	1.0	1.0	1.0	1.0	1.0	1.0	1.0	1.0	1.0	1.0	1.0	1.0	1.0	1.0	1.0	1.0	1.0	1.0	1.0	1.0	1.0	1581.0	1.0	1.0	1.0	1.0	1.0	1.0	1.0	1.0	1.0	1.0
23871126991fe992e34c37a5c51019e1	1.0	1.0	1.0	1.0	1.0	1.0	1.0	1.0	1.0	1.0	1.0	1.0	1.0	1.0	1.0	1.0	1.0	1.0	1.0	1.0	1.0	1.0	1.0	1.0	1.0	1.0	1.0	1.0	1.0	44.0	1.0	1.0	1.0	1.0	1.0	1.0	1.0	1.0	1.0	1.0
7769aca0f050fb26d3538f65ac982249	1.0	1.0	1.0	1.0	1.0	1.0	1.0	1.0	1.0	1.0	15.0	15.0	15.0	15.0	15.0	1.0	1.0	1.0	1.0	1.0	1.0	1.0	1.0	1.0	1.0	1.0	1.0	1.0	1.0	1.0	1.0	1.0	1.0	1.0	1.0	1.0	1.0	1.0	1.0	1.0
2857b09eb4c66a30e8936af9bf1938de	1.0	1.0	1.0	1.0	1.0	1.0	1.0	1.0	1.0	1.0	1.0	1.0	1.0	1.0	1.0	1.0	1.0	1.0	1.0	1.0	1.0	1.0	1.0	1.0	1.0	1.0	1.0	1.0	1.0	17.0	1.0	1.0	1.0	1.0	1.0	1.0	1.0	1.0	1.0	1.0
61f17d001b5d9bc258f6c6ce4b7a065b	1.0	1.0	1.0	1.0	1.0	14.0	14.0	14.0	14.0	14.0	1.0	1.0	1.0	1.0	1.0	1.0	1.0	1.0	1.0	1.0	1.0	1.0	1.0	1.0	1.0	1.0	1.0	1.0	1.0	1.0	1.0	1.0	1.0	1.0	1.0	1.0	1.0	1.0	1.0	1.0
202642cde3f784e9a415c9cf2be4d458	1.0	1.0	1.0	1.0	1.0	1.0	1.0	1.0	1.0	1.0	1.0	1.0	1.0	1.0	1.0	1.0	1.0	1.0	1.0	1.0	1.0	1.0	1.0	1.0	1.0	1.0	1.0	1.0	1.0	51.0	1.0	1.0	1.0	1.0	1.0	1.0	1.0	1.0	1.0	1.0
13e5df180944e709dbed78ecfa3a8d3e	1.0	1.0	1.0	1.0	1.0	13.0	13.0	13.0	13.0	13.0	1.0	1.0	1.0	1.0	1.0	1.0	1.0	1.0	1.0	1.0	1.0	1.0	1.0	1.0	1.0	1.0	1.0	1.0	1.0	1.0	1.0	1.0	1.0	13.5	26.0	1.0	1.0	1.0	1.0	1.0
5db7034e70dc2870ae91b336321d3b94	1.0	1.0	1.0	1.0	1.0	1.0	1.0	1.0	1.0	1.0	8.0	8.0	8.0	8.0	8.0	1.0	1.0	1.0	1.0	1.0	1.0	1.0	1.0	1.0	1.0	1.0	1.0	1.0	1.0	1.0	1.0	1.0	1.0	1.0	1.0	1.0	1.0	1.0	1.0	1.0
2678688d3f4fe20b7f4f0ebce4277797	1.0	1.0	1.0	1.0	1.0	1.0	1.0	1.0	1.0	1.0	1.0	1.0	1.0	1.0	1.0	1.0	1.0	1.0	1.0	1.0	1.0	1.0	1.0	1.0	1.0	1.0	1.0	1.0	1.0	1.0	1.0	1.0	1.0	1.0	1.0	1.0	5.25	9.5	13.75	18.0
b8fdd8a2afefa6fc9e653d3366484fdc	1.0	1.0	1.0	1.0	1.0	1.0	1.0	1.0	1.0	1.0	1.0	1.0	1.0	1.0	1.0	1.0	1.0	1.0	1.0	1.0	1.0	1.0	1.0	1.0	1.0	1.0	1.0	1.0	1.0	1.0	1.0	1.0	1.0	1.0	1.0	1.0	22.75	44.5	66.25	88.0
a1003c2bcaf2ac48a6705148b39df13d	1.0	1.0	1.0	1.0	1.0	1.0	1.0	1.0	1.0	1.0	1.0	1.0	1.0	1.0	1.0	1.0	1.0	1.0	1.0	1.0	1.0	1.0	1.0	1.0	1.0	1.0	1.0	1.0	1.0	1.0	1.0	1.0	1.0	1.0	1.0	1.0	8.75	16.5	24.25	32.0
5c180778455167b54aeaa0b4878ca666	1.0	1.0	1.0	1.0	1.0	1.0	1.0	1.0	1.0	1.0	1.0	1.0	1.0	1.0	1.0	1.0	1.0	1.0	1.0	1.0	1.0	1.0	1.0	1.0	1.0	1.0	1.0	1.0	1.0	48.0	1.0	1.0	1.0	1.0	1.0	1.0	1.0	1.0	1.0	1.0
59cf8b655ec96598204b575aef6193fa	1.0	1.0	1.0	1.0	1.0	1.0	1.0	1.0	1.0	1.0	1.0	1.0	1.0	1.0	1.0	1.0	1.0	1.0	1.0	1.0	1.0	1.0	1.0	1.0	1.0	1.0	1.0	1.0	1.0	1.0	1.0	1.0	1.0	1.0	1.0	1.0	3.25	5.5	7.75	10.0
e9a68e1b76f24521c9e653a8b8a113f4	1.0	1.0	1.0	1.0	1.0	63.0	63.0	63.0	63.0	63.0	1.0	1.0	1.0	1.0	1.0	1.0	1.0	1.0	1.0	1.0	1.0	1.0	1.0	1.0	1.0	1.0	1.0	1.0	1.0	1.0	1.0	1.0	1.0	1.0	1.0	1.0	1.0	1.0	1.0	1.0
cc22da63c6d3698e735bd0758b4e9fa5	1.0	1.0	1.0	1.0	1.0	1.0	1.0	1.0	1.0	1.0	1.0	1.0	1.0	1.0	1.0	1.0	1.0	1.0	1.0	1.0	1.0	1.0	1.0	1.0	1.0	1.0	1.0	1.0	1.0	5.0	1.0	1.0	1.0	1.0	1.0	1.0	1.0	1.0	1.0	1.0
8dd173fb6c24e1a2563ce225b8c8f515	1.0	1.0	1.0	1.0	1.0	1.0	1.0	1.0	1.0	1.0	1.0	1.0	1.0	1.0	1.0	1.0	1.0	1.0	1.0	1.0	26.0	26.0	26.0	26.0	26.0	1.0	1.0	1.0	1.0	1.0	1.0	1.0	1.0	1.0	1.0	1.0	1.0	1.0	1.0	1.0
024fc682f6b43533edf6f7741cb4fe89	1.0	1.0	1.0	1.0	1.0	1.0	1.0	1.0	1.0	1.0	1.0	1.0	1.0	1.0	1.0	1.0	1.0	1.0	1.0	1.0	1.0	1.0	1.0	1.0	1.0	1.0	1.0	1.0	1.0	1.0	1.0	1.0	1.0	1.0	1.0	1.0	30.25	59.5	88.75	118.0
1a5351411e9e707f13726757bb9c175c	1.0	1.0	1.0	1.0	1.0	1.0	1.0	1.0	1.0	1.0	1.0	1.0	1.0	1.0	1.0	1.0	1.0	1.0	1.0	1.0	1.0	1.0	1.0	1.0	1.0	1.0	1.0	1.0	1.0	1.0	1.0	1.0	1.0	17.5	34.0	1.0	1.0	1.0	1.0	1.0
ca69295a415efc186e90531c580d21d8	1.0	1.0	1.0	1.0	1.0	1.0	1.0	1.0	1.0	1.0	1.0	1.0	1.0	1.0	1.0	1.0	1.0	1.0	1.0	1.0	1.0	1.0	1.0	1.0	1.0	1.0	1.0	1.0	1.0	91.0	1.0	1.0	1.0	1.0	1.0	1.0	1.0	1.0	1.0	1.0
b49bec858f97292a450c644188d2e847	1.0	1.0	1.0	1.0	1.0	1.0	1.0	1.0	1.0	1.0	1.0	1.0	1.0	1.0	1.0	1.0	1.0	1.0	1.0	1.0	1.0	1.0	1.0	1.0	1.0	1.0	1.0	1.0	1.0	46.0	1.0	1.0	1.0	1.0	1.0	1.0	1.0	1.0	1.0	1.0
1e72d2ff97d8387fbfaa5fefa67afc38	1.0	1.0	1.0	1.0	1.0	1.0	1.0	1.0	1.0	1.0	1.0	1.0	1.0	1.0	1.0	1.0	1.0	1.0	1.0	1.0	1.0	1.0	1.0	1.0	1.0	1.0	1.0	1.0	1.0	31.0	1.0	1.0	1.0	1.0	1.0	1.0	1.0	1.0	1.0	1.0
585bb4a27e14848fd7dfc0b6f19c7df9	14.0	14.0	14.0	14.0	14.0	12.0	12.0	12.0	12.0	12.0	1.0	1.0	1.0	1.0	1.0	15.0	15.0	15.0	15.0	15.0	62.0	62.0	62.0	62.0	62.0	1.0	1.0	1.0	10.0	19.0	1.0	6.5	12.0	15.0	18.0	1.0	1.0	1.0	1.0	1.0
b23b5f691d5100229bbebdaba402d1f6	2116.0	2116.0	2116.0	2116.0	2116.0	16.0	16.0	16.0	16.0	16.0	1.0	1.0	1.0	1.0	1.0	19.0	19.0	19.0	19.0	19.0	1.0	1.0	1.0	1.0	1.0	1.0	1.0	17.0	33.5	50.0	1.0	1.0	1.0	1.0	1.0	28.0	193.25	358.5	523.75	689.0
e04297040a024966abcc5ec9a5102a25	1.0	1.0	1.0	1.0	1.0	1.0	1.0	1.0	1.0	1.0	1.0	1.0	1.0	1.0	1.0	1.0	1.0	1.0	1.0	1.0	1.0	1.0	1.0	1.0	1.0	1.0	1.0	1.0	1.0	1.0	1.0	1.0	1.0	1.0	1.0	1.0	7.25	13.5	19.75	26.0
3311f20d8613ce74090ab87086af5202	1.0	1.0	1.0	1.0	1.0	1.0	1.0	1.0	1.0	1.0	1.0	1.0	1.0	1.0	1.0	1.0	1.0	1.0	1.0	1.0	1.0	1.0	1.0	1.0	1.0	1.0	1.0	1.0	1.0	22.0	1.0	1.0	1.0	1.0	1.0	1.0	1.0	1.0	1.0	1.0
1c0a8add5f577d95a4ea72276af15b52	1.0	1.0	1.0	1.0	1.0	1.0	1.0	1.0	1.0	1.0	1.0	1.0	1.0	1.0	1.0	1.0	1.0	1.0	1.0	1.0	1.0	1.0	1.0	1.0	1.0	1.0	1.0	1.0	1.0	1.0	1.0	1.0	1.0	1.0	1.0	1.0	9.0	17.0	25.0	33.0
03b58db569d9019ec6a7ecbc950fd76f	1.0	1.0	1.0	1.0	1.0	1.0	1.0	1.0	1.0	1.0	1.0	1.0	1.0	1.0	1.0	1.0	1.0	1.0	1.0	1.0	1.0	1.0	1.0	1.0	1.0	1.0	1.0	1.0	10.0	38.0	1.0	1.0	1.0	1.0	1.0	1.0	1.0	1.0	1.0	1.0
073898e6efe0f231978b6c06f8cddd99	1.0	1.0	1.0	1.0	1.0	1.0	1.0	1.0	1.0	1.0	78.0	78.0	78.0	78.0	78.0	1.0	1.0	1.0	1.0	1.0	1.0	1.0	1.0	1.0	1.0	1.0	1.0	1.0	1.0	1.0	1.0	1.0	1.0	1.0	1.0	1.0	1.0	1.0	1.0	1.0
8670374901dd5bfdbc7b1669fb3e0dfb	1.0	1.0	1.0	1.0	1.0	1.0	1.0	1.0	1.0	1.0	1.0	1.0	1.0	1.0	1.0	48.0	48.0	48.0	48.0	48.0	1.0	1.0	1.0	1.0	1.0	1.0	1.0	1.0	1.0	1.0	1.0	1.0	1.0	1.0	1.0	1.0	1.0	1.0	1.0	1.0
c3b1b76194b6bb63e6f6e542d916edb4	1.0	1.0	1.0	1.0	1.0	1.0	1.0	1.0	1.0	1.0	1.0	1.0	1.0	1.0	1.0	1.0	1.0	1.0	1.0	1.0	1.0	1.0	1.0	1.0	1.0	1.0	1.0	1.0	1.0	42.0	1.0	1.0	1.0	1.0	1.0	1.0	1.0	1.0	1.0	1.0
a76f6f021350164f51a62932ce1a31dd	1841.0	1841.0	1841.0	1841.0	1841.0	257.0	257.0	257.0	257.0	257.0	1.0	1.0	1.0	1.0	1.0	1.0	1.0	1.0	1.0	1.0	1058.0	1058.0	1058.0	1058.0	1058.0	1.0	37.5	128.0	338.0	3617.0	188.0	237.0	286.0	381.0	476.0	543.0	1132.25	1721.5	2310.75	2900.0
4e9c1d1a0d7fa04f7dfc25cf7da7d3c7	1.0	1.0	1.0	1.0	1.0	1.0	1.0	1.0	1.0	1.0	1.0	1.0	1.0	1.0	1.0	1.0	1.0	1.0	1.0	1.0	11.0	11.0	11.0	11.0	11.0	1.0	1.0	1.0	1.0	1.0	1.0	1.0	1.0	1.0	1.0	1.0	42.75	84.5	126.25	168.0
fe70e7e3c02ea4cf0c2527c4b9de07be	1.0	1.0	1.0	1.0	1.0	1.0	1.0	1.0	1.0	1.0	1.0	1.0	1.0	1.0	1.0	1.0	1.0	1.0	1.0	1.0	6.0	6.0	6.0	6.0	6.0	1.0	1.0	1.0	1.0	1.0	1.0	1.0	1.0	1.0	1.0	1.0	1.0	1.0	1.0	1.0
c6958a30aa77044529dbc0fa25ea05eb	211.0	211.0	211.0	211.0	211.0	1.0	1.0	1.0	1.0	1.0	1.0	1.0	1.0	1.0	1.0	1.0	1.0	1.0	1.0	1.0	1.0	1.0	1.0	1.0	1.0	1.0	1.0	1.0	1.0	1.0	1.0	1.0	1.0	1.0	1.0	1.0	1.0	1.0	1.0	1.0
5cfdccd500f6e9c7f0a2e83dd42f7d34	84.0	84.0	84.0	84.0	84.0	74.0	74.0	74.0	74.0	74.0	1.0	1.0	1.0	1.0	1.0	1.0	1.0	1.0	1.0	1.0	1.0	1.0	1.0	1.0	1.0	1.0	1.0	1.0	1.0	1.0	1.0	1.0	1.0	1.0	1.0	1.0	1.0	1.0	1.0	1.0
e285ca08d998d68426f792ca73df4afd	1.0	1.0	1.0	1.0	1.0	22.0	22.0	22.0	22.0	22.0	1.0	1.0	1.0	1.0	1.0	1.0	1.0	1.0	1.0	1.0	707.0	707.0	707.0	707.0	707.0	1.0	1.0	1.0	46.0	82.0	1.0	1.0	1.0	13.5	26.0	1.0	141.5	282.0	422.5	563.0
059c20d01a3969a2cdd314085ec70195	128.0	128.0	128.0	128.0	128.0	96.0	96.0	96.0	96.0	96.0	1.0	1.0	1.0	1.0	1.0	1.0	1.0	1.0	1.0	1.0	1.0	1.0	1.0	1.0	1.0	1.0	1.0	1.0	1.0	1.0	1.0	1.0	1.0	1.0	1.0	1.0	1.0	1.0	1.0	1.0
307aa4132be0da9178ee3532f4333352	1.0	1.0	1.0	1.0	1.0	1.0	1.0	1.0	1.0	1.0	1.0	1.0	1.0	1.0	1.0	9.0	9.0	9.0	9.0	9.0	1.0	1.0	1.0	1.0	1.0	1.0	1.0	1.0	8.5	29.0	1.0	1.0	1.0	1.0	1.0	1.0	1.0	1.0	1.0	1.0
8ab8b5c29c3f8b0d7dd119ab2c2dc606	1.0	1.0	1.0	1.0	1.0	1.0	1.0	1.0	1.0	1.0	1.0	1.0	1.0	1.0	1.0	1.0	1.0	1.0	1.0	1.0	1.0	1.0	1.0	1.0	1.0	1.0	1.0	1.0	1.0	38.0	1.0	1.0	1.0	1.0	1.0	1.0	1.0	1.0	1.0	1.0
f6bafa728cae419fdb5d153f2ebe465d	1.0	1.0	1.0	1.0	1.0	1.0	1.0	1.0	1.0	1.0	312.0	312.0	312.0	312.0	312.0	1.0	1.0	1.0	1.0	1.0	1.0	1.0	1.0	1.0	1.0	1.0	1.0	1.0	1.0	1.0	1.0	1.0	1.0	1.0	1.0	1.0	1.0	1.0	1.0	1.0
70b4888fe7bc802d262273ca8886dbc7	1.0	1.0	1.0	1.0	1.0	73.0	73.0	73.0	73.0	73.0	1.0	1.0	1.0	1.0	1.0	1.0	1.0	1.0	1.0	1.0	1.0	1.0	1.0	1.0	1.0	1.0	1.0	1.0	1.0	32.0	1.0	1.0	1.0	1.0	1.0	1.0	1.0	1.0	1.0	1.0
2e7448e02b512a411e2af5e525e9a40a	1.0	1.0	1.0	1.0	1.0	1.0	1.0	1.0	1.0	1.0	1.0	1.0	1.0	1.0	1.0	1.0	1.0	1.0	1.0	1.0	1.0	1.0	1.0	1.0	1.0	1.0	1.0	1.0	1.0	1.0	1.0	1.0	1.0	1.0	1.0	1.0	23.0	45.0	67.0	89.0
0e6854d2531a835a256a4b5c1841a6f6	6.0	6.0	6.0	6.0	6.0	1.0	1.0	1.0	1.0	1.0	1.0	1.0	1.0	1.0	1.0	1.0	1.0	1.0	1.0	1.0	1.0	1.0	1.0	1.0	1.0	1.0	1.0	1.0	1.0	1.0	1.0	1.0	1.0	1.0	1.0	1.0	1.0	1.0	1.0	1.0
f51b085301066c69d1ce635482300ace	1.0	1.0	1.0	1.0	1.0	1.0	1.0	1.0	1.0	1.0	1.0	1.0	1.0	1.0	1.0	29.0	29.0	29.0	29.0	29.0	1.0	1.0	1.0	1.0	1.0	1.0	1.0	1.0	1.0	1.0	1.0	1.0	1.0	1.0	1.0	1.0	1.0	1.0	1.0	1.0
13f3102c3659958d2456ae28315486e8	96.0	96.0	96.0	96.0	96.0	95.0	95.0	95.0	95.0	95.0	1.0	1.0	1.0	1.0	1.0	1.0	1.0	1.0	1.0	1.0	1.0	1.0	1.0	1.0	1.0	1.0	1.0	46.0	53.5	67.0	1.0	1.0	1.0	18.0	35.0	1.0	12.5	24.0	35.5	47.0
190fc1f84a17206c4c9188b9d5e9bfff	1.0	1.0	1.0	1.0	1.0	52.0	52.0	52.0	52.0	52.0	1.0	1.0	1.0	1.0	1.0	1.0	1.0	1.0	1.0	1.0	1.0	1.0	1.0	1.0	1.0	1.0	1.0	1.0	1.0	3.0	1.0	7.0	13.0	113.0	213.0	1.0	1.0	1.0	1.0	1.0
31b4414d84c675000ebb2bdcf1a094ee	1.0	1.0	1.0	1.0	1.0	1.0	1.0	1.0	1.0	1.0	1.0	1.0	1.0	1.0	1.0	30.0	30.0	30.0	30.0	30.0	1.0	1.0	1.0	1.0	1.0	1.0	1.0	1.0	1.0	1.0	1.0	1.0	1.0	1.0	1.0	1.0	1.0	1.0	1.0	1.0
101c921fb1885c1e2ceccb3396c695b6	1.0	1.0	1.0	1.0	1.0	1.0	1.0	1.0	1.0	1.0	1.0	1.0	1.0	1.0	1.0	1.0	1.0	1.0	1.0	1.0	1.0	1.0	1.0	1.0	1.0	1.0	1.0	1.0	1.0	1.0	1.0	1.0	1.0	24.5	48.0	1.0	1.0	1.0	1.0	1.0
abd4c569ffbac7513de62cf293a474e8	1.0	1.0	1.0	1.0	1.0	1.0	1.0	1.0	1.0	1.0	1.0	1.0	1.0	1.0	1.0	29.0	29.0	29.0	29.0	29.0	1.0	1.0	1.0	1.0	1.0	1.0	1.0	1.0	1.0	1.0	1.0	1.0	1.0	1.0	1.0	1.0	1.0	1.0	1.0	1.0
c61727bfd5ffb1318104713747c21aaf	1.0	1.0	1.0	1.0	1.0	1.0	1.0	1.0	1.0	1.0	1.0	1.0	1.0	1.0	1.0	13.0	13.0	13.0	13.0	13.0	1.0	1.0	1.0	1.0	1.0	1.0	1.0	1.0	1.0	1.0	1.0	1.0	1.0	1.0	1.0	1.0	1.0	1.0	1.0	1.0
76b4743c75603cfaa69f078ebe5b6b14	1.0	1.0	1.0	1.0	1.0	1.0	1.0	1.0	1.0	1.0	1.0	1.0	1.0	1.0	1.0	1.0	1.0	1.0	1.0	1.0	1.0	1.0	1.0	1.0	1.0	1.0	1.0	1.0	1.0	1.0	1.0	1.0	1.0	44.0	87.0	1.0	1.0	1.0	1.0	1.0
4eeaa2d2364ad409b60c2e20019edae0	124.0	124.0	124.0	124.0	124.0	1.0	1.0	1.0	1.0	1.0	1.0	1.0	1.0	1.0	1.0	1.0	1.0	1.0	1.0	1.0	1.0	1.0	1.0	1.0	1.0	1.0	1.0	1.0	1.0	1.0	1.0	1.0	1.0	1.0	1.0	1.0	1.0	1.0	1.0	1.0
312a1af3cd94d49aeedeec4baa7a450e	1.0	1.0	1.0	1.0	1.0	11.0	11.0	11.0	11.0	11.0	1.0	1.0	1.0	1.0	1.0	1.0	1.0	1.0	1.0	1.0	1.0	1.0	1.0	1.0	1.0	1.0	1.0	1.0	1.0	1.0	1.0	1.0	1.0	70.5	140.0	1.0	1.0	1.0	1.0	1.0
5fa5870d3e685622bf1c3aa57e176afd	1.0	1.0	1.0	1.0	1.0	1.0	1.0	1.0	1.0	1.0	1.0	1.0	1.0	1.0	1.0	1.0	1.0	1.0	1.0	1.0	1.0	1.0	1.0	1.0	1.0	1.0	1.0	1.0	1.0	1.0	1.0	1.0	1.0	1.0	1.0	1.0	16.75	32.5	48.25	64.0
edd0c2bb88796965b58b1af8e479f275	1.0	1.0	1.0	1.0	1.0	6.0	6.0	6.0	6.0	6.0	1.0	1.0	1.0	1.0	1.0	1.0	1.0	1.0	1.0	1.0	1.0	1.0	1.0	1.0	1.0	1.0	1.0	1.0	1.0	1.0	1.0	1.0	1.0	1.0	1.0	1.0	1.0	1.0	1.0	1.0
32a5fdc098c8ebe8ab7f559d7a7f7074	1.0	1.0	1.0	1.0	1.0	1.0	1.0	1.0	1.0	1.0	1.0	1.0	1.0	1.0	1.0	1.0	1.0	1.0	1.0	1.0	1.0	1.0	1.0	1.0	1.0	1.0	1.0	1.0	13.5	88.0	1.0	1.0	1.0	1.0	1.0	1.0	546.25	1091.5	1636.75	2182.0
8106428dc4602dd5bbc9db1b61edf90a	1.0	1.0	1.0	1.0	1.0	5.0	5.0	5.0	5.0	5.0	1.0	1.0	1.0	1.0	1.0	1.0	1.0	1.0	1.0	1.0	1.0	1.0	1.0	1.0	1.0	1.0	1.0	1.0	1.0	1.0	1.0	1.0	1.0	11.5	22.0	1.0	1.0	1.0	1.0	1.0
ab3123ea843c3f9da3c8a87fe050f0ae	1.0	1.0	1.0	1.0	1.0	1.0	1.0	1.0	1.0	1.0	1.0	1.0	1.0	1.0	1.0	1.0	1.0	1.0	1.0	1.0	1.0	1.0	1.0	1.0	1.0	1.0	1.0	1.0	1.0	27.0	1.0	1.0	1.0	1.0	1.0	1.0	15.25	29.5	43.75	58.0
1770e8ba552824e7fd0e5c8696d2a3ca	1.0	1.0	1.0	1.0	1.0	1.0	1.0	1.0	1.0	1.0	1.0	1.0	1.0	1.0	1.0	1.0	1.0	1.0	1.0	1.0	1.0	1.0	1.0	1.0	1.0	1.0	1.0	1.0	1.0	1.0	1.0	1.0	1.0	118.5	236.0	1.0	1.0	1.0	1.0	1.0
a09fb2c4b5faeeb95c468cbc5778f792	1.0	1.0	1.0	1.0	1.0	1.0	1.0	1.0	1.0	1.0	1.0	1.0	1.0	1.0	1.0	1.0	1.0	1.0	1.0	1.0	1.0	1.0	1.0	1.0	1.0	1.0	1.0	1.0	81.0	156.0	1.0	1.0	1.0	1.0	1.0	1.0	19.25	37.5	55.75	74.0
23b39a23b3f3c5ca7253b98a5f395319	1.0	1.0	1.0	1.0	1.0	1.0	1.0	1.0	1.0	1.0	1.0	1.0	1.0	1.0	1.0	1.0	1.0	1.0	1.0	1.0	1.0	1.0	1.0	1.0	1.0	1.0	1.0	1.0	1.0	1.0	1.0	1.0	1.0	2.0	3.0	1.0	1.0	1.0	1.0	1.0
c98ef626c100ccd9fb58ac711470580a	1.0	1.0	1.0	1.0	1.0	1.0	1.0	1.0	1.0	1.0	1.0	1.0	1.0	1.0	1.0	1.0	1.0	1.0	1.0	1.0	32.0	32.0	32.0	32.0	32.0	1.0	1.0	1.0	1.0	1.0	1.0	1.0	1.0	1.0	1.0	1.0	1.0	1.0	1.0	1.0
0f51c00886c35f2115905e3ee0dc7d9a	1.0	1.0	1.0	1.0	1.0	1.0	1.0	1.0	1.0	1.0	1.0	1.0	1.0	1.0	1.0	1.0	1.0	1.0	1.0	1.0	1.0	1.0	1.0	1.0	1.0	1.0	1.0	1.0	1.0	1.0	1.0	1.0	1.0	14.5	28.0	1.0	1.0	1.0	1.0	1.0
ea56f2f0d3d016ff70d0bc1160ca4a87	1.0	1.0	1.0	1.0	1.0	1.0	1.0	1.0	1.0	1.0	1.0	1.0	1.0	1.0	1.0	107.0	107.0	107.0	107.0	107.0	1.0	1.0	1.0	1.0	1.0	1.0	1.0	1.0	1.0	1.0	1.0	1.0	1.0	1.0	1.0	1.0	1.0	1.0	1.0	1.0
5aaaa34eaefff688a1425b8049b4e231	1.0	1.0	1.0	1.0	1.0	1.0	1.0	1.0	1.0	1.0	1.0	1.0	1.0	1.0	1.0	1.0	1.0	1.0	1.0	1.0	1.0	1.0	1.0	1.0	1.0	1.0	1.0	1.0	1.0	155.0	1.0	1.0	1.0	1.0	1.0	1.0	1.0	1.0	1.0	1.0
f4f173622aecc73ca7d1b3dbbb50bf56	1.0	1.0	1.0	1.0	1.0	1.0	1.0	1.0	1.0	1.0	1.0	1.0	1.0	1.0	1.0	1.0	1.0	1.0	1.0	1.0	1.0	1.0	1.0	1.0	1.0	1.0	1.0	1.0	1.0	104.0	1.0	1.0	1.0	1.0	1.0	1.0	1.0	1.0	1.0	1.0
b672df2264a3e74d449814084fbbb25f	1.0	1.0	1.0	1.0	1.0	1.0	1.0	1.0	1.0	1.0	1.0	1.0	1.0	1.0	1.0	1.0	1.0	1.0	1.0	1.0	1.0	1.0	1.0	1.0	1.0	1.0	1.0	1.0	1.0	1.0	1.0	1.0	1.0	336.0	671.0	1.0	6.0	11.0	16.0	21.0
28e78352a0ac06ccd13b79754b584435	1.0	1.0	1.0	1.0	1.0	1.0	1.0	1.0	1.0	1.0	1.0	1.0	1.0	1.0	1.0	1.0	1.0	1.0	1.0	1.0	1.0	1.0	1.0	1.0	1.0	1.0	1.0	1.0	1.0	1.0	1.0	1.0	1.0	4.5	8.0	1.0	1.0	1.0	1.0	1.0
2ddeb181a2750717d8b2e47938d89f2c	1.0	1.0	1.0	1.0	1.0	1.0	1.0	1.0	1.0	1.0	1.0	1.0	1.0	1.0	1.0	1.0	1.0	1.0	1.0	1.0	1.0	1.0	1.0	1.0	1.0	1.0	1.0	1.0	1.0	35.0	1.0	1.0	1.0	1.0	1.0	1.0	1.0	1.0	1.0	1.0
5e422e66e79accfe07cc103d39c3fabe	1.0	1.0	1.0	1.0	1.0	1.0	1.0	1.0	1.0	1.0	1.0	1.0	1.0	1.0	1.0	1.0	1.0	1.0	1.0	1.0	7.0	7.0	7.0	7.0	7.0	1.0	1.0	1.0	1.0	1.0	1.0	1.0	1.0	1.0	1.0	1.0	1.0	1.0	1.0	1.0
527e6d35029c23c6da72be2933e05146	58.0	58.0	58.0	58.0	58.0	1.0	1.0	1.0	1.0	1.0	1.0	1.0	1.0	1.0	1.0	1.0	1.0	1.0	1.0	1.0	1.0	1.0	1.0	1.0	1.0	1.0	1.0	1.0	1.0	1.0	1.0	1.0	1.0	1.0	1.0	1.0	1.0	1.0	1.0	1.0
deb9f2ec1c7e924752fd540f5c72f067	1.0	1.0	1.0	1.0	1.0	1.0	1.0	1.0	1.0	1.0	1.0	1.0	1.0	1.0	1.0	1.0	1.0	1.0	1.0	1.0	1.0	1.0	1.0	1.0	1.0	1.0	1.0	1.0	1.0	1.0	1.0	1.0	1.0	29.0	57.0	1.0	1.0	1.0	1.0	1.0
e6eef3ad5418f7a3ee01b0b2dff42a00	1.0	1.0	1.0	1.0	1.0	1.0	1.0	1.0	1.0	1.0	1.0	1.0	1.0	1.0	1.0	24.0	24.0	24.0	24.0	24.0	1.0	1.0	1.0	1.0	1.0	1.0	1.0	1.0	1.0	1.0	1.0	1.0	1.0	1.0	1.0	1.0	1.0	1.0	1.0	1.0
f85a09617a9508236ba8e2d189a0a0a1	1.0	1.0	1.0	1.0	1.0	23.0	23.0	23.0	23.0	23.0	29.0	29.0	29.0	29.0	29.0	1.0	1.0	1.0	1.0	1.0	1.0	1.0	1.0	1.0	1.0	1.0	1.0	1.0	17.0	176.0	1.0	1.0	1.0	18.5	36.0	1.0	9.75	18.5	27.25	36.0
788f1dcb4d902430795b5f24e567446a	1.0	1.0	1.0	1.0	1.0	1.0	1.0	1.0	1.0	1.0	1.0	1.0	1.0	1.0	1.0	1.0	1.0	1.0	1.0	1.0	1.0	1.0	1.0	1.0	1.0	1.0	1.0	1.0	1.0	134.0	1.0	1.0	1.0	1.0	1.0	1.0	1.0	1.0	1.0	1.0
1d5c249f7c76f7fd642651931ed24e7f	1.0	1.0	1.0	1.0	1.0	22.0	22.0	22.0	22.0	22.0	9.0	9.0	9.0	9.0	9.0	76.0	76.0	76.0	76.0	76.0	176.0	176.0	176.0	176.0	176.0	1.0	1.0	52.0	94.0	563.0	38.0	139.5	241.0	265.0	289.0	44.0	104.75	165.5	226.25	287.0
228cc7a16f868bc916a8241d653e348d	1.0	1.0	1.0	1.0	1.0	1.0	1.0	1.0	1.0	1.0	1.0	1.0	1.0	1.0	1.0	1.0	1.0	1.0	1.0	1.0	10.0	10.0	10.0	10.0	10.0	1.0	1.0	1.0	1.0	19.0	1.0	1.0	1.0	239.5	478.0	1.0	4.0	7.0	10.0	13.0
43d9d23f730cde9ad8a04074d699172c	1.0	1.0	1.0	1.0	1.0	1.0	1.0	1.0	1.0	1.0	1.0	1.0	1.0	1.0	1.0	1.0	1.0	1.0	1.0	1.0	1.0	1.0	1.0	1.0	1.0	1.0	1.0	1.0	1.0	1.0	1.0	1.0	1.0	1.0	1.0	1.0	4.0	7.0	10.0	13.0
3f4ae80cb601a9022a89a984a8ddae54	1.0	1.0	1.0	1.0	1.0	1.0	1.0	1.0	1.0	1.0	1.0	1.0	1.0	1.0	1.0	1.0	1.0	1.0	1.0	1.0	58.0	58.0	58.0	58.0	58.0	1.0	1.0	1.0	1.0	1.0	1.0	45.0	89.0	95.5	102.0	1.0	1.0	1.0	1.0	1.0
79d646b71ba9143bf700ceeb23e2325e	349.0	349.0	349.0	349.0	349.0	1.0	1.0	1.0	1.0	1.0	1.0	1.0	1.0	1.0	1.0	1.0	1.0	1.0	1.0	1.0	1.0	1.0	1.0	1.0	1.0	1.0	1.0	1.0	1.0	1.0	1.0	1.0	1.0	1.0	1.0	1.0	1.0	1.0	1.0	1.0
0009953efd747d8acd8df1792ab924d0	1.0	1.0	1.0	1.0	1.0	1.0	1.0	1.0	1.0	1.0	33.0	33.0	33.0	33.0	33.0	1.0	1.0	1.0	1.0	1.0	1.0	1.0	1.0	1.0	1.0	1.0	1.0	1.0	1.0	78.0	1.0	68.0	135.0	160.5	186.0	1.0	1.0	1.0	1.0	1.0
3842bb76a3ecde89822f91da59f402ce	102.0	102.0	102.0	102.0	102.0	1.0	1.0	1.0	1.0	1.0	1.0	1.0	1.0	1.0	1.0	1.0	1.0	1.0	1.0	1.0	1.0	1.0	1.0	1.0	1.0	1.0	1.0	1.0	1.0	1.0	1.0	1.0	1.0	1.0	1.0	1.0	1.0	1.0	1.0	1.0
551e92f04f4e5a3f74999f957f6eb9c9	17.0	17.0	17.0	17.0	17.0	1.0	1.0	1.0	1.0	1.0	1.0	1.0	1.0	1.0	1.0	1.0	1.0	1.0	1.0	1.0	1.0	1.0	1.0	1.0	1.0	1.0	1.0	1.0	1.0	1.0	1.0	1.0	1.0	1.0	1.0	1.0	1.0	1.0	1.0	1.0
705434edebb0423cd07f4a0b6f8716c8	1.0	1.0	1.0	1.0	1.0	1.0	1.0	1.0	1.0	1.0	1.0	1.0	1.0	1.0	1.0	1.0	1.0	1.0	1.0	1.0	1.0	1.0	1.0	1.0	1.0	1.0	1.0	1.0	1.0	1.0	1.0	1.0	1.0	1.0	1.0	1.0	155.0	309.0	463.0	617.0
4b88752b3dc5426521066aeccaeca3f1	1.0	1.0	1.0	1.0	1.0	1.0	1.0	1.0	1.0	1.0	1.0	1.0	1.0	1.0	1.0	1.0	1.0	1.0	1.0	1.0	42.0	42.0	42.0	42.0	42.0	1.0	1.0	1.0	1.0	1.0	1.0	1.0	1.0	1.0	1.0	22.0	85.5	149.0	212.5	276.0
fc08a97799586b95a66a40570d01baff	1.0	1.0	1.0	1.0	1.0	1.0	1.0	1.0	1.0	1.0	1.0	1.0	1.0	1.0	1.0	1.0	1.0	1.0	1.0	1.0	1.0	1.0	1.0	1.0	1.0	1.0	1.0	1.0	1.0	1.0	1.0	1.0	1.0	1.0	1.0	1.0	2.25	3.5	4.75	6.0
c7a2ae2017bd22c99a5bcfcc2a55ab13	1.0	1.0	1.0	1.0	1.0	1.0	1.0	1.0	1.0	1.0	1.0	1.0	1.0	1.0	1.0	1.0	1.0	1.0	1.0	1.0	1.0	1.0	1.0	1.0	1.0	1.0	1.0	1.0	1.0	1.0	1.0	1.0	1.0	7.5	14.0	1.0	1.0	1.0	1.0	1.0
3903895f9b522e0cbe31a6c7f0fcc845	1.0	1.0	1.0	1.0	1.0	1.0	1.0	1.0	1.0	1.0	1.0	1.0	1.0	1.0	1.0	1.0	1.0	1.0	1.0	1.0	1.0	1.0	1.0	1.0	1.0	1.0	1.0	1.0	1.0	19.0	1.0	1.0	1.0	1.0	1.0	1.0	1.0	1.0	1.0	1.0
e088370ff3398513fc5a20d4065beda8	1.0	1.0	1.0	1.0	1.0	1.0	1.0	1.0	1.0	1.0	1.0	1.0	1.0	1.0	1.0	139.0	139.0	139.0	139.0	139.0	87.0	87.0	87.0	87.0	87.0	1.0	1.0	1.0	19.5	139.0	1.0	46.0	91.0	106.0	121.0	1.0	1.0	1.0	1.0	1.0
fd0031c26b6aedcfc44347fe527bd0b2	1.0	1.0	1.0	1.0	1.0	102.0	102.0	102.0	102.0	102.0	1.0	1.0	1.0	1.0	1.0	1.0	1.0	1.0	1.0	1.0	1.0	1.0	1.0	1.0	1.0	1.0	1.0	35.0	51.5	147.0	1.0	1.0	1.0	43.0	85.0	1.0	1.0	1.0	1.0	1.0
0eee44f755806742dbbc4b4544922407	1.0	1.0	1.0	1.0	1.0	1.0	1.0	1.0	1.0	1.0	1.0	1.0	1.0	1.0	1.0	499.0	499.0	499.0	499.0	499.0	97.0	97.0	97.0	97.0	97.0	1.0	1.0	65.0	653.0	3650.0	1.0	1.0	1.0	1.0	1.0	53.0	153.25	253.5	353.75	454.0
dca875743478edf8551af3a163e0f33e	1.0	1.0	1.0	1.0	1.0	1.0	1.0	1.0	1.0	1.0	1.0	1.0	1.0	1.0	1.0	1.0	1.0	1.0	1.0	1.0	1.0	1.0	1.0	1.0	1.0	1.0	1.0	1.0	22.5	65.0	1.0	1.0	1.0	1.0	1.0	1.0	1.0	1.0	1.0	1.0
3de4b26261ac68ea24ef4215205ec081	1.0	1.0	1.0	1.0	1.0	1.0	1.0	1.0	1.0	1.0	1.0	1.0	1.0	1.0	1.0	1.0	1.0	1.0	1.0	1.0	1.0	1.0	1.0	1.0	1.0	1.0	1.0	1.0	1.0	1.0	1.0	1.0	1.0	11.0	21.0	1.0	1.0	1.0	1.0	1.0
ba9a1baa2839f1b223eafb815ca01130	1.0	1.0	1.0	1.0	1.0	1.0	1.0	1.0	1.0	1.0	1.0	1.0	1.0	1.0	1.0	1.0	1.0	1.0	1.0	1.0	1.0	1.0	1.0	1.0	1.0	1.0	1.0	1.0	1.0	50.0	1.0	1.0	1.0	1.0	1.0	1.0	1.0	1.0	1.0	1.0
21117efb811f9cb210f941a06d34cf5d	1.0	1.0	1.0	1.0	1.0	1.0	1.0	1.0	1.0	1.0	1.0	1.0	1.0	1.0	1.0	1.0	1.0	1.0	1.0	1.0	1.0	1.0	1.0	1.0	1.0	1.0	1.0	1.0	1.0	531.0	1.0	1.0	1.0	1.0	1.0	1.0	74.75	148.5	222.25	296.0
1d947a4318342c6441f96a5ae9a071bc	1.0	1.0	1.0	1.0	1.0	1.0	1.0	1.0	1.0	1.0	1.0	1.0	1.0	1.0	1.0	1.0	1.0	1.0	1.0	1.0	1.0	1.0	1.0	1.0	1.0	1.0	1.0	1.0	1.0	57.0	1.0	1.0	1.0	1.0	1.0	1.0	1.0	1.0	1.0	1.0
8f8160b22d3a20f301f0d21a3ee34fef	1.0	1.0	1.0	1.0	1.0	1.0	1.0	1.0	1.0	1.0	1.0	1.0	1.0	1.0	1.0	1.0	1.0	1.0	1.0	1.0	1.0	1.0	1.0	1.0	1.0	1.0	1.0	1.0	1.0	36.0	1.0	1.0	1.0	1.0	1.0	1.0	1.0	1.0	1.0	1.0
c669fce3030a65799fb3f3437055701d	52.0	52.0	52.0	52.0	52.0	36.0	36.0	36.0	36.0	36.0	110.0	110.0	110.0	110.0	110.0	1.0	1.0	1.0	1.0	1.0	179.0	179.0	179.0	179.0	179.0	27.0	57.0	67.0	176.5	420.0	21.0	31.5	42.0	61.0	80.0	102.0	195.0	288.0	381.0	474.0
539e87967c2b16ce7789cc3355464dbc	1.0	1.0	1.0	1.0	1.0	13.0	13.0	13.0	13.0	13.0	1.0	1.0	1.0	1.0	1.0	335.0	335.0	335.0	335.0	335.0	49.0	49.0	49.0	49.0	49.0	5.0	10.0	52.0	94.5	343.0	1.0	6.0	11.0	15.5	20.0	14.0	19.5	25.0	30.5	36.0
b449ec6292a39d3574a0e1703d39e792	1.0	1.0	1.0	1.0	1.0	1.0	1.0	1.0	1.0	1.0	1.0	1.0	1.0	1.0	1.0	22.0	22.0	22.0	22.0	22.0	1.0	1.0	1.0	1.0	1.0	1.0	1.0	1.0	1.0	1.0	1.0	1.0	1.0	1.0	1.0	1.0	1.0	1.0	1.0	1.0
315a3685ac5cefa07b10c309b5f6519a	1.0	1.0	1.0	1.0	1.0	1.0	1.0	1.0	1.0	1.0	1.0	1.0	1.0	1.0	1.0	12.0	12.0	12.0	12.0	12.0	1.0	1.0	1.0	1.0	1.0	1.0	1.0	1.0	1.0	1.0	1.0	1.0	1.0	1.0	1.0	1.0	1.0	1.0	1.0	1.0
7ed636d506a7c180acc4ef60029d5513	1.0	1.0	1.0	1.0	1.0	1.0	1.0	1.0	1.0	1.0	1.0	1.0	1.0	1.0	1.0	1.0	1.0	1.0	1.0	1.0	1.0	1.0	1.0	1.0	1.0	1.0	1.0	1.0	1.0	6.0	1.0	1.0	1.0	1.0	1.0	1.0	1.0	1.0	1.0	1.0
31a466f923ae7026ea88375316e28464	1.0	1.0	1.0	1.0	1.0	1.0	1.0	1.0	1.0	1.0	1.0	1.0	1.0	1.0	1.0	1.0	1.0	1.0	1.0	1.0	145.0	145.0	145.0	145.0	145.0	1.0	1.0	1.0	1.0	73.0	1.0	1.0	1.0	1.0	1.0	1.0	1.0	1.0	1.0	1.0
5b626b75c37925d16baf820eb49e3eee	1.0	1.0	1.0	1.0	1.0	1.0	1.0	1.0	1.0	1.0	1.0	1.0	1.0	1.0	1.0	127.0	127.0	127.0	127.0	127.0	1.0	1.0	1.0	1.0	1.0	1.0	1.0	1.0	1.0	1.0	1.0	1.0	1.0	1.0	1.0	1.0	1.0	1.0	1.0	1.0
38e6bd7c080fea647b3578e1a4a9d7c1	1.0	1.0	1.0	1.0	1.0	1.0	1.0	1.0	1.0	1.0	1.0	1.0	1.0	1.0	1.0	1.0	1.0	1.0	1.0	1.0	1.0	1.0	1.0	1.0	1.0	1.0	1.0	1.0	1.0	5.0	1.0	1.0	1.0	1.0	1.0	1.0	1.0	1.0	1.0	1.0
744f085b6d42dc7b46791ca4c7c396f8	1.0	1.0	1.0	1.0	1.0	1.0	1.0	1.0	1.0	1.0	1.0	1.0	1.0	1.0	1.0	1.0	1.0	1.0	1.0	1.0	1.0	1.0	1.0	1.0	1.0	1.0	1.0	1.0	1.0	1.0	1.0	27.0	53.0	58.0	63.0	1.0	1.0	1.0	1.0	1.0
1803cf6af22342d56f155f6194856bd6	1.0	1.0	1.0	1.0	1.0	1.0	1.0	1.0	1.0	1.0	1.0	1.0	1.0	1.0	1.0	1.0	1.0	1.0	1.0	1.0	1.0	1.0	1.0	1.0	1.0	1.0	1.0	1.0	1.0	77.0	1.0	1.0	1.0	1.0	1.0	1.0	1.0	1.0	1.0	1.0
88962bc10a60e664e439c949f2f243e6	1.0	1.0	1.0	1.0	1.0	1.0	1.0	1.0	1.0	1.0	1.0	1.0	1.0	1.0	1.0	1.0	1.0	1.0	1.0	1.0	1.0	1.0	1.0	1.0	1.0	1.0	1.0	1.0	1.0	1.0	1.0	1.0	1.0	1.0	1.0	1.0	5.5	10.0	14.5	19.0
5b0ff6a82e026081ebbc1682771ec0d6	1.0	1.0	1.0	1.0	1.0	1.0	1.0	1.0	1.0	1.0	1.0	1.0	1.0	1.0	1.0	1.0	1.0	1.0	1.0	1.0	1.0	1.0	1.0	1.0	1.0	1.0	1.0	1.0	1.0	1.0	1.0	1.0	1.0	98.0	195.0	1.0	1.0	1.0	1.0	1.0
fed732d201e37f4aa0b9b1e2c9ec3174	167.0	167.0	167.0	167.0	167.0	1.0	1.0	1.0	1.0	1.0	1.0	1.0	1.0	1.0	1.0	1.0	1.0	1.0	1.0	1.0	1.0	1.0	1.0	1.0	1.0	1.0	1.0	1.0	1.0	1.0	1.0	1.0	1.0	1.0	1.0	1.0	1.0	1.0	1.0	1.0
a10f9eeaa6040e3a1931b522ba859bfd	1.0	1.0	1.0	1.0	1.0	46.0	46.0	46.0	46.0	46.0	1.0	1.0	1.0	1.0	1.0	34.0	34.0	34.0	34.0	34.0	1.0	1.0	1.0	1.0	1.0	1.0	1.0	1.0	12.5	60.0	1.0	1.0	1.0	1.0	1.0	1.0	1.0	1.0	1.0	1.0
492db537cacea0334c0a54e41bbcd17e	1.0	1.0	1.0	1.0	1.0	1.0	1.0	1.0	1.0	1.0	1.0	1.0	1.0	1.0	1.0	1.0	1.0	1.0	1.0	1.0	1.0	1.0	1.0	1.0	1.0	1.0	1.0	1.0	1.0	1.0	1.0	1.0	1.0	68.0	135.0	1.0	1.0	1.0	1.0	1.0
2e33f0b6402c67b58fdc0ade35c2940d	1.0	1.0	1.0	1.0	1.0	1.0	1.0	1.0	1.0	1.0	1.0	1.0	1.0	1.0	1.0	1.0	1.0	1.0	1.0	1.0	1.0	1.0	1.0	1.0	1.0	1.0	1.0	1.0	1.0	34.0	1.0	1.0	1.0	1.0	1.0	1.0	1.0	1.0	1.0	1.0
157cc61f6d74ff0d986c8d8c63958d2e	50.0	50.0	50.0	50.0	50.0	1.0	1.0	1.0	1.0	1.0	1.0	1.0	1.0	1.0	1.0	1.0	1.0	1.0	1.0	1.0	1.0	1.0	1.0	1.0	1.0	1.0	1.0	1.0	1.0	1.0	1.0	1.0	1.0	1.0	1.0	1.0	1.0	1.0	1.0	1.0
417e250756f62dcca93833d0da74d98d	24.0	24.0	24.0	24.0	24.0	1.0	1.0	1.0	1.0	1.0	1.0	1.0	1.0	1.0	1.0	1.0	1.0	1.0	1.0	1.0	1.0	1.0	1.0	1.0	1.0	1.0	1.0	1.0	1.0	1.0	1.0	1.0	1.0	1.0	1.0	1.0	1.0	1.0	1.0	1.0
4ef93b43a4399bbd168ca16675ed7331	1.0	1.0	1.0	1.0	1.0	1.0	1.0	1.0	1.0	1.0	1.0	1.0	1.0	1.0	1.0	1.0	1.0	1.0	1.0	1.0	1.0	1.0	1.0	1.0	1.0	1.0	1.0	1.0	1.0	6.0	1.0	1.0	1.0	1.0	1.0	1.0	1.0	1.0	1.0	1.0
7c57be14b95df2e1941f36c9f2bbb1f4	1.0	1.0	1.0	1.0	1.0	1.0	1.0	1.0	1.0	1.0	1.0	1.0	1.0	1.0	1.0	1.0	1.0	1.0	1.0	1.0	1.0	1.0	1.0	1.0	1.0	1.0	1.0	1.0	1.0	12.0	1.0	1.0	1.0	1.0	1.0	1.0	1.0	1.0	1.0	1.0
945371d30d7aeb12096c524b088b2247	1.0	1.0	1.0	1.0	1.0	1.0	1.0	1.0	1.0	1.0	1.0	1.0	1.0	1.0	1.0	1.0	1.0	1.0	1.0	1.0	1.0	1.0	1.0	1.0	1.0	1.0	1.0	1.0	1.0	1.0	1.0	1.0	1.0	1.0	1.0	1.0	2.25	3.5	4.75	6.0
4399743eb362dd9d3d8b6b0d6217f187	19.0	19.0	19.0	19.0	19.0	1.0	1.0	1.0	1.0	1.0	1.0	1.0	1.0	1.0	1.0	1.0	1.0	1.0	1.0	1.0	1.0	1.0	1.0	1.0	1.0	1.0	1.0	1.0	1.0	1.0	1.0	1.0	1.0	1.0	1.0	1.0	1.0	1.0	1.0	1.0
8150e0fc9d86b38bb32823d937416eb0	1.0	1.0	1.0	1.0	1.0	1.0	1.0	1.0	1.0	1.0	1.0	1.0	1.0	1.0	1.0	1.0	1.0	1.0	1.0	1.0	1.0	1.0	1.0	1.0	1.0	1.0	1.0	1.0	1.0	78.0	1.0	1.0	1.0	1.0	1.0	1.0	1.0	1.0	1.0	1.0
34339518f6e716c85dfa473dd2fe3a74	1.0	1.0	1.0	1.0	1.0	1.0	1.0	1.0	1.0	1.0	1.0	1.0	1.0	1.0	1.0	1.0	1.0	1.0	1.0	1.0	1.0	1.0	1.0	1.0	1.0	1.0	1.0	1.0	1.0	196.0	1.0	1.0	1.0	1.0	1.0	1.0	1.0	1.0	1.0	1.0
19a2af160dec32005d48fea18298778f	9291.0	9291.0	9291.0	9291.0	9291.0	1761.0	1761.0	1761.0	1761.0	1761.0	1.0	1.0	1.0	1.0	1.0	612.0	612.0	612.0	612.0	612.0	1.0	1.0	1.0	1.0	1.0	1.0	1.0	1.0	296.0	785.0	1.0	1.0	1.0	106.5	212.0	1.0	1.0	1.0	1.0	1.0
ad638c9d37b50a2e1a65ccfde85ac346	1860.0	1860.0	1860.0	1860.0	1860.0	29.0	29.0	29.0	29.0	29.0	1.0	1.0	1.0	1.0	1.0	516.0	516.0	516.0	516.0	516.0	29.0	29.0	29.0	29.0	29.0	1.0	1.0	7.0	29.5	64.0	1.0	27.5	54.0	208.0	362.0	1.0	41.5	82.0	122.5	163.0
4d0536ff8035d79baf49181061fdbdce	1.0	1.0	1.0	1.0	1.0	1.0	1.0	1.0	1.0	1.0	1.0	1.0	1.0	1.0	1.0	1.0	1.0	1.0	1.0	1.0	1.0	1.0	1.0	1.0	1.0	1.0	1.0	1.0	1.0	46.0	1.0	1.0	1.0	1.0	1.0	1.0	1.0	1.0	1.0	1.0
482e037650487c499d20c92d5585f4bd	31.0	31.0	31.0	31.0	31.0	1.0	1.0	1.0	1.0	1.0	1.0	1.0	1.0	1.0	1.0	1.0	1.0	1.0	1.0	1.0	1.0	1.0	1.0	1.0	1.0	1.0	1.0	1.0	1.0	1.0	1.0	1.0	1.0	1.0	1.0	1.0	1.0	1.0	1.0	1.0
b40493bf691b4789a22f8cc451af5e1c	5.0	5.0	5.0	5.0	5.0	1.0	1.0	1.0	1.0	1.0	1.0	1.0	1.0	1.0	1.0	1.0	1.0	1.0	1.0	1.0	1.0	1.0	1.0	1.0	1.0	1.0	1.0	1.0	1.0	1.0	1.0	1.0	1.0	1.0	1.0	1.0	1.0	1.0	1.0	1.0
a0a0e451f972990ba6319b101f190300	1.0	1.0	1.0	1.0	1.0	1.0	1.0	1.0	1.0	1.0	1.0	1.0	1.0	1.0	1.0	1.0	1.0	1.0	1.0	1.0	1.0	1.0	1.0	1.0	1.0	1.0	1.0	1.0	1.0	140.0	1.0	1.0	1.0	42.5	84.0	1.0	1.0	1.0	1.0	1.0
d270ad431f58896b6824f126827cff18	1.0	1.0	1.0	1.0	1.0	1.0	1.0	1.0	1.0	1.0	1.0	1.0	1.0	1.0	1.0	1.0	1.0	1.0	1.0	1.0	1.0	1.0	1.0	1.0	1.0	1.0	1.0	1.0	1.0	1.0	1.0	1.0	1.0	1.0	1.0	1.0	27.75	54.5	81.25	108.0
1f6c5fdef80429981bbebb568947e136	1.0	1.0	1.0	1.0	1.0	1.0	1.0	1.0	1.0	1.0	1.0	1.0	1.0	1.0	1.0	1.0	1.0	1.0	1.0	1.0	1.0	1.0	1.0	1.0	1.0	1.0	1.0	1.0	1.0	1.0	1.0	1.0	1.0	22.0	43.0	1.0	1.0	1.0	1.0	1.0
c7c567fd16e9be693e87133b0c9624b8	1.0	1.0	1.0	1.0	1.0	1.0	1.0	1.0	1.0	1.0	1.0	1.0	1.0	1.0	1.0	1.0	1.0	1.0	1.0	1.0	1.0	1.0	1.0	1.0	1.0	1.0	1.0	1.0	1.0	134.0	1.0	1.0	1.0	1.0	1.0	1.0	34.5	68.0	101.5	135.0
2ff4df97553a89dd657f4f28152e987f	1.0	1.0	1.0	1.0	1.0	1.0	1.0	1.0	1.0	1.0	1.0	1.0	1.0	1.0	1.0	1.0	1.0	1.0	1.0	1.0	1.0	1.0	1.0	1.0	1.0	1.0	1.0	1.0	1.0	1.0	1.0	1.0	1.0	1.0	1.0	1.0	20.0	39.0	58.0	77.0
af12bda50c79bb59694209ab7fd470e2	1.0	1.0	1.0	1.0	1.0	1.0	1.0	1.0	1.0	1.0	1.0	1.0	1.0	1.0	1.0	1.0	1.0	1.0	1.0	1.0	1.0	1.0	1.0	1.0	1.0	1.0	1.0	1.0	1.0	39.0	1.0	1.0	1.0	1.0	1.0	1.0	1.0	1.0	1.0	1.0
1bc76e6d97cacac0e25c2605f799846f	1.0	1.0	1.0	1.0	1.0	1.0	1.0	1.0	1.0	1.0	1.0	1.0	1.0	1.0	1.0	1.0	1.0	1.0	1.0	1.0	1.0	1.0	1.0	1.0	1.0	1.0	1.0	1.0	1.0	1.0	1.0	1.0	1.0	21.0	41.0	1.0	1.0	1.0	1.0	1.0
8549579daee286dc0521145342ce0ec7	1.0	1.0	1.0	1.0	1.0	1.0	1.0	1.0	1.0	1.0	1.0	1.0	1.0	1.0	1.0	1.0	1.0	1.0	1.0	1.0	1.0	1.0	1.0	1.0	1.0	1.0	1.0	1.0	37.0	121.0	1.0	1.0	1.0	1.0	1.0	1.0	1.0	1.0	1.0	1.0
691399b30c1f1a8471b00c55557fa303	19.0	19.0	19.0	19.0	19.0	20.0	20.0	20.0	20.0	20.0	1.0	1.0	1.0	1.0	1.0	28.0	28.0	28.0	28.0	28.0	1.0	1.0	1.0	1.0	1.0	1.0	1.0	9.0	24.0	129.0	5.0	85.0	165.0	185.0	205.0	1.0	1.0	1.0	1.0	1.0
5be667e1e644861223fee0456b0b4e24	1.0	1.0	1.0	1.0	1.0	1.0	1.0	1.0	1.0	1.0	1.0	1.0	1.0	1.0	1.0	1.0	1.0	1.0	1.0	1.0	1.0	1.0	1.0	1.0	1.0	1.0	1.0	1.0	1.0	1.0	1.0	1.0	1.0	17.5	34.0	1.0	10.75	20.5	30.25	40.0
277037de8e0cfc2d6a8beef499346fb6	1.0	1.0	1.0	1.0	1.0	1.0	1.0	1.0	1.0	1.0	1.0	1.0	1.0	1.0	1.0	1.0	1.0	1.0	1.0	1.0	130.0	130.0	130.0	130.0	130.0	1.0	32.0	41.0	120.0	244.0	16.0	16.5	17.0	47.0	77.0	15.0	25.0	35.0	45.0	55.0
52da5cba5fa5fe64dcce39284d8ea459	1.0	1.0	1.0	1.0	1.0	1.0	1.0	1.0	1.0	1.0	302.0	302.0	302.0	302.0	302.0	1.0	1.0	1.0	1.0	1.0	1.0	1.0	1.0	1.0	1.0	1.0	1.0	1.0	1.0	44.0	1.0	1.0	1.0	1.0	1.0	1.0	1.0	1.0	1.0	1.0
48e6b0189f70b3baf0d6e92a55f78f58	1.0	1.0	1.0	1.0	1.0	1.0	1.0	1.0	1.0	1.0	1.0	1.0	1.0	1.0	1.0	23.0	23.0	23.0	23.0	23.0	1.0	1.0	1.0	1.0	1.0	1.0	1.0	1.0	1.0	1.0	1.0	1.0	1.0	41.0	81.0	1.0	7.25	13.5	19.75	26.0
bde6d1cdf0e520f262b5d83c6c08907d	1.0	1.0	1.0	1.0	1.0	1.0	1.0	1.0	1.0	1.0	1.0	1.0	1.0	1.0	1.0	1.0	1.0	1.0	1.0	1.0	28.0	28.0	28.0	28.0	28.0	1.0	1.0	1.0	1.0	31.0	1.0	1.0	1.0	1.0	1.0	1.0	1.0	1.0	1.0	1.0
bc4bd5933ec2a8aa434467020ab3089b	1.0	1.0	1.0	1.0	1.0	25.0	25.0	25.0	25.0	25.0	1.0	1.0	1.0	1.0	1.0	1.0	1.0	1.0	1.0	1.0	1.0	1.0	1.0	1.0	1.0	1.0	1.0	1.0	1.0	1.0	1.0	1.0	1.0	1.0	1.0	1.0	1.0	1.0	1.0	1.0
b6550ba4f39d4651e49cfe9f604be878	1.0	1.0	1.0	1.0	1.0	41.0	41.0	41.0	41.0	41.0	1.0	1.0	1.0	1.0	1.0	1.0	1.0	1.0	1.0	1.0	1.0	1.0	1.0	1.0	1.0	1.0	1.0	1.0	1.0	1.0	1.0	1.0	1.0	1.0	1.0	1.0	1.0	1.0	1.0	1.0
5e4333bb0de7712a408d543b6945455f	1.0	1.0	1.0	1.0	1.0	24.0	24.0	24.0	24.0	24.0	1.0	1.0	1.0	1.0	1.0	1.0	1.0	1.0	1.0	1.0	1.0	1.0	1.0	1.0	1.0	1.0	1.0	1.0	1.0	1.0	1.0	1.0	1.0	1.0	1.0	1.0	1.0	1.0	1.0	1.0
6a87b8e312500a7ac755c45b0908f36b	1.0	1.0	1.0	1.0	1.0	1.0	1.0	1.0	1.0	1.0	1.0	1.0	1.0	1.0	1.0	1.0	1.0	1.0	1.0	1.0	1.0	1.0	1.0	1.0	1.0	1.0	1.0	1.0	1.0	1.0	1.0	1.0	1.0	1.0	1.0	1.0	12.5	24.0	35.5	47.0
a94553d630b7d424901267a569c78d49	1.0	1.0	1.0	1.0	1.0	1.0	1.0	1.0	1.0	1.0	1.0	1.0	1.0	1.0	1.0	1.0	1.0	1.0	1.0	1.0	13.0	13.0	13.0	13.0	13.0	1.0	1.0	1.0	1.0	1.0	1.0	1.0	1.0	1.0	1.0	1.0	1.0	1.0	1.0	1.0
c72d2efa1af839c9231c335cb4dcbde1	1.0	1.0	1.0	1.0	1.0	1.0	1.0	1.0	1.0	1.0	1.0	1.0	1.0	1.0	1.0	1.0	1.0	1.0	1.0	1.0	1.0	1.0	1.0	1.0	1.0	1.0	1.0	1.0	1.0	1.0	1.0	1.0	1.0	2.5	4.0	1.0	1.0	1.0	1.0	1.0
2833b3afd176b1aceae72d1c723ff4fc	1.0	1.0	1.0	1.0	1.0	1.0	1.0	1.0	1.0	1.0	1.0	1.0	1.0	1.0	1.0	1.0	1.0	1.0	1.0	1.0	1.0	1.0	1.0	1.0	1.0	1.0	1.0	1.0	1.0	67.0	1.0	1.0	1.0	1.0	1.0	1.0	1.0	1.0	1.0	1.0
54cb26c4a6802944ae46e8db1c04909e	1.0	1.0	1.0	1.0	1.0	1.0	1.0	1.0	1.0	1.0	1.0	1.0	1.0	1.0	1.0	1.0	1.0	1.0	1.0	1.0	1.0	1.0	1.0	1.0	1.0	1.0	1.0	1.0	1.0	26.0	1.0	1.0	1.0	1.0	1.0	1.0	1.0	1.0	1.0	1.0
6f3152135c6e2ad7ae6c1194e13c4e69	51.0	51.0	51.0	51.0	51.0	34.0	34.0	34.0	34.0	34.0	166.0	166.0	166.0	166.0	166.0	37.0	37.0	37.0	37.0	37.0	25.0	25.0	25.0	25.0	25.0	1.0	1.0	1.0	769.5	9513.0	1.0	1.0	1.0	9.5	18.0	33.0	35.25	37.5	39.75	42.0
b501391156d1f42265ff6db6b1c0e139	1.0	1.0	1.0	1.0	1.0	1.0	1.0	1.0	1.0	1.0	21.0	21.0	21.0	21.0	21.0	1.0	1.0	1.0	1.0	1.0	1.0	1.0	1.0	1.0	1.0	1.0	1.0	1.0	1.0	1.0	1.0	1.0	1.0	1.0	1.0	1.0	8.25	15.5	22.75	30.0
f6dedd5e18536942dd60c0e3b78616e5	1.0	1.0	1.0	1.0	1.0	1.0	1.0	1.0	1.0	1.0	1.0	1.0	1.0	1.0	1.0	1.0	1.0	1.0	1.0	1.0	1.0	1.0	1.0	1.0	1.0	1.0	1.0	1.0	1.0	29.0	1.0	1.0	1.0	1.0	1.0	1.0	43.5	86.0	128.5	171.0
cbffd1ed8e2c34427cf7c63666588720	1.0	1.0	1.0	1.0	1.0	1.0	1.0	1.0	1.0	1.0	1.0	1.0	1.0	1.0	1.0	1.0	1.0	1.0	1.0	1.0	1.0	1.0	1.0	1.0	1.0	1.0	1.0	1.0	1.0	1.0	1.0	1.0	1.0	17.5	34.0	1.0	1.0	1.0	1.0	1.0
791bea66af711a745e48c927ccd77119	1.0	1.0	1.0	1.0	1.0	1.0	1.0	1.0	1.0	1.0	1.0	1.0	1.0	1.0	1.0	1.0	1.0	1.0	1.0	1.0	1.0	1.0	1.0	1.0	1.0	1.0	1.0	1.0	1.0	1.0	1.0	1.0	1.0	6.5	12.0	1.0	1.0	1.0	1.0	1.0
5ab8e7825864c1190ec3de87efaed894	1.0	1.0	1.0	1.0	1.0	1.0	1.0	1.0	1.0	1.0	1.0	1.0	1.0	1.0	1.0	16.0	16.0	16.0	16.0	16.0	1.0	1.0	1.0	1.0	1.0	1.0	1.0	1.0	1.0	1.0	1.0	1.0	1.0	1.0	1.0	1.0	1.0	1.0	1.0	1.0
1be2033e732e2dd3ca31c754c019d970	113.0	113.0	113.0	113.0	113.0	1.0	1.0	1.0	1.0	1.0	1.0	1.0	1.0	1.0	1.0	1.0	1.0	1.0	1.0	1.0	1.0	1.0	1.0	1.0	1.0	1.0	1.0	1.0	1.0	1.0	1.0	1.0	1.0	1.0	1.0	1.0	1.0	1.0	1.0	1.0
02e78a776193779c1087af874316e194	1.0	1.0	1.0	1.0	1.0	1.0	1.0	1.0	1.0	1.0	1.0	1.0	1.0	1.0	1.0	1.0	1.0	1.0	1.0	1.0	1.0	1.0	1.0	1.0	1.0	1.0	1.0	1.0	19.0	40.0	1.0	1.0	1.0	1.0	1.0	1.0	1.0	1.0	1.0	1.0
cc3621846bc2ca411c880e9a93170028	1.0	1.0	1.0	1.0	1.0	1.0	1.0	1.0	1.0	1.0	1.0	1.0	1.0	1.0	1.0	1.0	1.0	1.0	1.0	1.0	1.0	1.0	1.0	1.0	1.0	1.0	1.0	1.0	1.0	1.0	1.0	1.0	1.0	1.0	1.0	1.0	50.25	99.5	148.75	198.0
e2eefe079767c967f92ea80a8b7d572e	1.0	1.0	1.0	1.0	1.0	1.0	1.0	1.0	1.0	1.0	1.0	1.0	1.0	1.0	1.0	1.0	1.0	1.0	1.0	1.0	1.0	1.0	1.0	1.0	1.0	1.0	1.0	1.0	1.0	1.0	1.0	1.0	1.0	1.0	1.0	1.0	7.5	14.0	20.5	27.0
ee4feda5ddf3da83f7bc742161a0742b	1.0	1.0	1.0	1.0	1.0	1.0	1.0	1.0	1.0	1.0	1.0	1.0	1.0	1.0	1.0	1.0	1.0	1.0	1.0	1.0	1.0	1.0	1.0	1.0	1.0	1.0	1.0	1.0	1.0	1.0	1.0	1.0	1.0	1.0	1.0	1.0	50.25	99.5	148.75	198.0
ca063e22e6284024eb57e0b28a18ab17	1.0	1.0	1.0	1.0	1.0	1.0	1.0	1.0	1.0	1.0	1.0	1.0	1.0	1.0	1.0	1.0	1.0	1.0	1.0	1.0	1.0	1.0	1.0	1.0	1.0	1.0	1.0	1.0	1.0	1.0	1.0	1.0	1.0	1.0	1.0	1.0	21.75	42.5	63.25	84.0
04a33d72170c99491f4937a0aa57df6d	1.0	1.0	1.0	1.0	1.0	1.0	1.0	1.0	1.0	1.0	1.0	1.0	1.0	1.0	1.0	1.0	1.0	1.0	1.0	1.0	1.0	1.0	1.0	1.0	1.0	1.0	1.0	1.0	1.0	1.0	1.0	1.0	1.0	1.0	1.0	1.0	3.75	6.5	9.25	12.0
e65621cbef4fc20f6e12e4eaf0c51982	1.0	1.0	1.0	1.0	1.0	1.0	1.0	1.0	1.0	1.0	1.0	1.0	1.0	1.0	1.0	1.0	1.0	1.0	1.0	1.0	1.0	1.0	1.0	1.0	1.0	1.0	1.0	1.0	1.0	1.0	1.0	1.0	1.0	2.5	4.0	1.0	1.0	1.0	1.0	1.0
9bbdc2d73d4c73f7716ccdc564c216af	1269.0	1269.0	1269.0	1269.0	1269.0	101.0	101.0	101.0	101.0	101.0	1.0	1.0	1.0	1.0	1.0	116.0	116.0	116.0	116.0	116.0	44.0	44.0	44.0	44.0	44.0	1.0	62.0	66.0	120.5	234.0	32.0	59.5	87.0	111.0	135.0	1.0	15.5	30.0	44.5	59.0
157be614c01fb254cfd3d94d0d669d8a	1.0	1.0	1.0	1.0	1.0	1.0	1.0	1.0	1.0	1.0	1.0	1.0	1.0	1.0	1.0	1.0	1.0	1.0	1.0	1.0	1.0	1.0	1.0	1.0	1.0	1.0	1.0	1.0	1.0	460.0	1.0	1.0	1.0	1.0	1.0	1.0	1.0	1.0	1.0	1.0
832371541c564bd225cee66f492c5286	1.0	1.0	1.0	1.0	1.0	1.0	1.0	1.0	1.0	1.0	1.0	1.0	1.0	1.0	1.0	12.0	12.0	12.0	12.0	12.0	1.0	1.0	1.0	1.0	1.0	1.0	1.0	1.0	15.5	63.0	1.0	1.0	1.0	1.0	1.0	18.0	36.0	54.0	72.0	90.0
c5ebd4d4485f0e8ad3f0d039cc76259a	1.0	1.0	1.0	1.0	1.0	1.0	1.0	1.0	1.0	1.0	1.0	1.0	1.0	1.0	1.0	1.0	1.0	1.0	1.0	1.0	1.0	1.0	1.0	1.0	1.0	1.0	1.0	1.0	1.0	1.0	1.0	1.0	1.0	14.5	28.0	1.0	1.0	1.0	1.0	1.0
1f2a0bd872c1d7f1a3e1c599f30d430c	1.0	1.0	1.0	1.0	1.0	1.0	1.0	1.0	1.0	1.0	1.0	1.0	1.0	1.0	1.0	1.0	1.0	1.0	1.0	1.0	1.0	1.0	1.0	1.0	1.0	1.0	1.0	1.0	1.0	64.0	1.0	1.0	1.0	1.0	1.0	1.0	1.0	1.0	1.0	1.0
4634cbe6003cceb2d21e56c781787345	1.0	1.0	1.0	1.0	1.0	1.0	1.0	1.0	1.0	1.0	1.0	1.0	1.0	1.0	1.0	29.0	29.0	29.0	29.0	29.0	1.0	1.0	1.0	1.0	1.0	1.0	1.0	1.0	1.0	1.0	1.0	1.0	1.0	16.0	31.0	1.0	1.0	1.0	1.0	1.0
53db14a0977ee0a41007826952c403af	1.0	1.0	1.0	1.0	1.0	1.0	1.0	1.0	1.0	1.0	1.0	1.0	1.0	1.0	1.0	1.0	1.0	1.0	1.0	1.0	1.0	1.0	1.0	1.0	1.0	1.0	1.0	1.0	1.0	34.0	1.0	1.0	1.0	13.0	25.0	1.0	1.0	1.0	1.0	1.0
ae9194c82cc23aec83c7351b7467e8d5	1.0	1.0	1.0	1.0	1.0	1.0	1.0	1.0	1.0	1.0	1.0	1.0	1.0	1.0	1.0	1.0	1.0	1.0	1.0	1.0	1.0	1.0	1.0	1.0	1.0	1.0	1.0	1.0	1.0	46.0	1.0	1.0	1.0	1.0	1.0	1.0	27.75	54.5	81.25	108.0
7455541ed6b955722f5a84e6d9a35a9c	32.0	32.0	32.0	32.0	32.0	1.0	1.0	1.0	1.0	1.0	1.0	1.0	1.0	1.0	1.0	1.0	1.0	1.0	1.0	1.0	1.0	1.0	1.0	1.0	1.0	1.0	1.0	1.0	1.0	1.0	1.0	1.0	1.0	1.0	1.0	1.0	1.0	1.0	1.0	1.0
b15f9b9571f89bd9b67c5e64ee5269d2	1.0	1.0	1.0	1.0	1.0	1.0	1.0	1.0	1.0	1.0	1.0	1.0	1.0	1.0	1.0	1.0	1.0	1.0	1.0	1.0	1.0	1.0	1.0	1.0	1.0	1.0	1.0	1.0	1.0	1.0	1.0	1.0	1.0	3.5	6.0	1.0	1.0	1.0	1.0	1.0
301f85560cff7a7f4f6f1de2dd158ba4	1.0	1.0	1.0	1.0	1.0	1.0	1.0	1.0	1.0	1.0	1.0	1.0	1.0	1.0	1.0	1.0	1.0	1.0	1.0	1.0	1.0	1.0	1.0	1.0	1.0	1.0	1.0	1.0	1.0	4.0	1.0	1.0	1.0	1.0	1.0	1.0	1.0	1.0	1.0	1.0
8976882c0c6696fe0d4b4a4557b8b6b7	1.0	1.0	1.0	1.0	1.0	1.0	1.0	1.0	1.0	1.0	1.0	1.0	1.0	1.0	1.0	1.0	1.0	1.0	1.0	1.0	1.0	1.0	1.0	1.0	1.0	1.0	1.0	1.0	1.0	1.0	1.0	1.0	1.0	1.0	1.0	1.0	3.5	6.0	8.5	11.0
7ac450523a88eed1a98cafdb23e03f8a	1.0	1.0	1.0	1.0	1.0	1.0	1.0	1.0	1.0	1.0	1.0	1.0	1.0	1.0	1.0	1.0	1.0	1.0	1.0	1.0	1.0	1.0	1.0	1.0	1.0	1.0	1.0	1.0	1.0	96.0	1.0	1.0	1.0	1.0	1.0	1.0	1.0	1.0	1.0	1.0
80ffa67767518fd2149630ff9f1fcd16	1.0	1.0	1.0	1.0	1.0	1.0	1.0	1.0	1.0	1.0	1.0	1.0	1.0	1.0	1.0	1.0	1.0	1.0	1.0	1.0	1.0	1.0	1.0	1.0	1.0	1.0	1.0	1.0	1.0	46.0	1.0	1.0	1.0	20.0	39.0	1.0	1.0	1.0	1.0	1.0
a6ec25515f59c13190d3660e068a37c6	1.0	1.0	1.0	1.0	1.0	1.0	1.0	1.0	1.0	1.0	1.0	1.0	1.0	1.0	1.0	1.0	1.0	1.0	1.0	1.0	1.0	1.0	1.0	1.0	1.0	1.0	1.0	1.0	1.0	24.0	1.0	1.0	1.0	30.0	59.0	1.0	1.0	1.0	1.0	1.0
0265cd09ddcf6ca09314714f2f6ba461	22.0	22.0	22.0	22.0	22.0	1.0	1.0	1.0	1.0	1.0	1.0	1.0	1.0	1.0	1.0	1.0	1.0	1.0	1.0	1.0	1.0	1.0	1.0	1.0	1.0	1.0	1.0	1.0	1.0	1.0	1.0	1.0	1.0	1.0	1.0	1.0	1.0	1.0	1.0	1.0
0cca22f3d80b076da01fcbf3074b8a48	1.0	1.0	1.0	1.0	1.0	1.0	1.0	1.0	1.0	1.0	84.0	84.0	84.0	84.0	84.0	1.0	1.0	1.0	1.0	1.0	1.0	1.0	1.0	1.0	1.0	1.0	1.0	1.0	1.0	1.0	1.0	1.0	1.0	1.0	1.0	1.0	1.0	1.0	1.0	1.0
16d851fde6ca1abd1d30e8a03a1d9906	1.0	1.0	1.0	1.0	1.0	1.0	1.0	1.0	1.0	1.0	1.0	1.0	1.0	1.0	1.0	1.0	1.0	1.0	1.0	1.0	1.0	1.0	1.0	1.0	1.0	1.0	1.0	1.0	1.0	25.0	1.0	1.0	1.0	1.0	1.0	1.0	1.0	1.0	1.0	1.0
3b8c0e91815228b3bcda529cd27c49cd	1.0	1.0	1.0	1.0	1.0	1.0	1.0	1.0	1.0	1.0	102.0	102.0	102.0	102.0	102.0	1.0	1.0	1.0	1.0	1.0	1.0	1.0	1.0	1.0	1.0	1.0	1.0	1.0	1.0	19.0	1.0	1.0	1.0	1.0	1.0	1.0	1.0	1.0	1.0	1.0
12982340e8d7a69a08fd3aa17c1d5b72	1.0	1.0	1.0	1.0	1.0	15.0	15.0	15.0	15.0	15.0	1.0	1.0	1.0	1.0	1.0	1.0	1.0	1.0	1.0	1.0	1.0	1.0	1.0	1.0	1.0	1.0	1.0	1.0	1.0	1.0	1.0	1.0	1.0	1.0	1.0	1.0	1.0	1.0	1.0	1.0
8d8f5044295e54d3cde97a6fc07e6cce	1.0	1.0	1.0	1.0	1.0	1.0	1.0	1.0	1.0	1.0	1.0	1.0	1.0	1.0	1.0	1.0	1.0	1.0	1.0	1.0	1.0	1.0	1.0	1.0	1.0	1.0	1.0	1.0	1.0	1.0	1.0	1.0	1.0	1.0	1.0	1.0	8.5	16.0	23.5	31.0
45372636ec35e18aca00321c82aeb165	1.0	1.0	1.0	1.0	1.0	1.0	1.0	1.0	1.0	1.0	1.0	1.0	1.0	1.0	1.0	1.0	1.0	1.0	1.0	1.0	1.0	1.0	1.0	1.0	1.0	1.0	1.0	1.0	1.0	207.0	1.0	1.0	1.0	1.0	1.0	1.0	1.0	1.0	1.0	1.0
